1,薄紅色ロング,ヘアスタイル,2,,S,,A,,A,,A,A,,
4,スポーツ少年,ヘアスタイル,3,,S,,A,,A,,S,,A,中性風
5,自由人,ヘアスタイル,3,,S,,A,,A,,A,,S,中性風
6,国民的アイドル,ヘアスタイル,3,,A,,S,,S,,B,,S,中性風
7,貴公子(ヘアスタイル),ヘアスタイル,2,,B,,A,,S,,B,,S,中性風
8,近所のお兄ちゃん,ヘアスタイル,2,,S,,S,A,,,C,,A,中性風
9,孤独な狼,ヘアスタイル,2,A,,A,,C,,S,,,A,中性風
10,憧れの先輩,ヘアスタイル,2,,S,,B,,A,,A,,A,中性風
11,謎の訪問者,ヘアスタイル,2,,S,A,,A,,,A,,A,中性風
12,不思議な使者,ヘアスタイル,2,,S,,S,,A,,C,,S,中性風
13,科学者,ヘアスタイル,2,,S,B,,,A,,C,,S,中性風
14,カフェ店主,ヘアスタイル,2,,S,S,,,A,,C,,A,中性風
16,銀翼の剣士,ヘアスタイル,3,A,,,S,S,,A,,,S,中性風
17,うっかりさん,ヘアスタイル,3,,A,B,,,S,,S,,A,
18,ゴールドキャット,ヘアスタイル,3,A,,,A,,S,A,,,A,
19,ワインレッド,ヘアスタイル,3,S,,C,,,S,A,,,S,
20,桃白カール,ヘアスタイル,5,SS,,,S,,A,B,,SS,,
21,金銀カール,ヘアスタイル,5,S,,S,,,A,,A,S,,
22,青黒カール,ヘアスタイル,5,S,,S,,S,,S,,S,,
23,テディ(ショコラ),ヘアスタイル,3,,A,,S,,A,,S,,A,
24,テディ(ピンク),ヘアスタイル,3,,A,,S,,A,,S,A,,
25,テディ(黒),ヘアスタイル,3,,A,A,,A,,,S,A,,
26,カイト(藍),ヘアスタイル,5,A,,SS,,SS,,S,,,S,
27,カイト(灰),ヘアスタイル,5,S,,SS,,A,,,B,,S,
28,カイト(白),ヘアスタイル,5,SS,,S,,S,,A,,,S,
29,カイト(金),ヘアスタイル,5,S,,A,,,A,,S,,S,
30,ビサンティウムの歌(赤),ヘアスタイル,4,S,,A,,A,,A,,A,,
31,ビサンティウムの歌(黄),ヘアスタイル,4,S,,S,,S,,,S,A,,
32,雪の戦士,ヘアスタイル,2,,S,B,,,B,A,,,A,中性風
33,萌え系ショタ,ヘアスタイル,2,,S,,A,,A,,A,,A,中性風
34,もみじ,ヘアスタイル,2,,S,C,,,A,,A,,A,中性風
35,薔薇乙女(金),ヘアスタイル,4,B,,B,,,S,,SS,S,,
36,薔薇乙女(桃),ヘアスタイル,4,B,,A,,,SS,S,,S,,
37,薔薇乙女(銀),ヘアスタイル,4,,A,S,,A,,,S,A,,
38,薔薇乙女(黒),ヘアスタイル,4,,A,S,,,S,,S,A,,
39,ビクトリア,ヘアスタイル,5,S,,S,,,S,S,,,S,お嬢様
40,歌姫(緑),ヘアスタイル,5,A,,SS,,,B,,SS,S,,
41,歌姫(赤),ヘアスタイル,5,A,,SS,,,B,S,,S,,
42,貴婦人,ヘアスタイル,4,,A,S,,S,,S,,,S,中世ヨーロッパ風
43,妖精(金),ヘアスタイル,5,SS,,SS,,,B,,A,B,,
44,妖精(白),ヘアスタイル,5,S,,SS,,S,,S,,B,,
46,プリティテール,ヘアスタイル,3,,S,A,,,A,,B,,S,
48,牡丹(紫),ヘアスタイル,3,,A,,S,S,,A,,,C,
49,牡丹(ピンク),ヘアスタイル,3,,A,,A,,S,A,,A,,
50,メルヘン(ヘアスタイル),ヘアスタイル,3,,S,A,,,B,,A,,A,
51,メルヘン(キャラメル),ヘアスタイル,3,,A,S,,,A,,S,A,,
52,メルヘン(黒),ヘアスタイル,3,,S,B,,,B,,S,S,,
53,ひまわり,ヘアスタイル,4,C,,,SS,,SS,,S,,B,
54,蝶々,ヘアスタイル,4,B,,,S,,A,,SS,,B,
55,童心,ヘアスタイル,4,,S,A,,,B,,S,,S,
56,青き日々,ヘアスタイル,4,,S,S,,,B,,A,S,,
57,雲上の舞姫,ヘアスタイル,5,SS,,A,,SS,,,A,B,,クラシックチャイナ ダンサー
58,チャムティ,ヘアスタイル,5,S,,,S,,S,,S,B,,
59,ガラスの調べ,ヘアスタイル,5,S,,,A,,SS,,S,S,,
60,フェアレディ(黒),ヘアスタイル,4,,S,SS,,,C,,S,A,,
61,氷の囁き,ヘアスタイル,4,B,,B,,,SS,,S,,SS,
63,エンジェルツイン,ヘアスタイル,5,,B,,S,,S,,A,,A,
64,キャンディ(ヘアスタイル),ヘアスタイル,1,,B,,A,,A,,B,,A,クラシックチャイナ
65,キャンディベル,ヘアスタイル,2,,A,,A,,A,,A,,A,クラシックチャイナ
66,キャンディベルロング,ヘアスタイル,3,A,,,S,,A,,S,,A,クラシックチャイナ
67,メロディプリンセス,ヘアスタイル,3,S,,,S,,S,,A,,B,
68,荒原の真珠,ヘアスタイル,3,S,,S,,,S,A,,,S,ボヘミアン
69,R-荒原の真珠,ヘアスタイル,4,S,,SS,,,B,S,,B,,ボヘミアン
70,SR-荒原の真珠,ヘアスタイル,5,SS,,SS,,,B,S,,B,,ボヘミアン
71,女子中学生,ヘアスタイル,2,,A,,B,,C,,A,,A,
72,R-女子中学生,ヘアスタイル,3,,S,A,,A,,,S,,C,
74,ドール(金),ヘアスタイル,4,S,,,SS,,SS,,B,A,,
76,スイーティ(ヘアスタイル),ヘアスタイル,3,A,,S,,,C,,S,A,,
77,R-スイーティ(ヘアスタイル),ヘアスタイル,4,S,,S,,A,,S,,S,,
78,ワイルド(ヘアスタイル),ヘアスタイル,2,A,,,A,,A,A,,,S,ロック
79,R-ワイルド,ヘアスタイル,3,A,,,S,A,,S,,,A,ロック
80,静かなひととき,ヘアスタイル,2,,A,S,,,A,,A,,C,和風
81,R-静かなひととき,ヘアスタイル,3,,A,S,,,B,,S,S,,和風
82,SR-静かなひととき,ヘアスタイル,4,,B,S,,,B,,S,S,,和風
83,カルファの鳩(茶),ヘアスタイル,5,S,,SS,,B,,,S,,S,お嬢様
84,カルファの鳩(青),ヘアスタイル,5,S,,A,,,S,,S,,S,お嬢様
91,花つぼみ,ヘアスタイル,3,,S,,S,,S,,S,,C,
92,R-花つぼみ,ヘアスタイル,4,,S,,B,,SS,,S,,B,
93,獅子の子,ヘアスタイル,3,B,,,S,,S,,S,,B,
94,麦の穂,ヘアスタイル,3,,B,,B,,SS,,S,,B,
95,R-麦の穂,ヘアスタイル,4,,A,,B,,A,,SS,S,,
97,ほっこりあずき,ヘアスタイル,2,,A,,A,,A,,A,,A,
98,コトコトあずき,ヘアスタイル,3,,S,,B,,A,,S,S,,
99,チャム,ヘアスタイル,3,,S,,C,,S,,S,S,,
100,ルーチン,ヘアスタイル,3,,S,,B,,B,,B,S,,
102,オシャレな女の子,ヘアスタイル,1,,A,,A,,A,,A,,C,
103,ベビーフェイス,ヘアスタイル,1,,A,,C,,S,,S,,C,
104,麗人,ヘアスタイル,2,,A,S,,S,,A,,,A,メディカル OL
105,柳,ヘアスタイル,4,,A,,A,,S,,S,,S,クラシックチャイナ
106,SR-柳,ヘアスタイル,5,S,,SS,,,S,,S,,B,クラシックチャイナ
107,ノスタルジア,ヘアスタイル,3,B,,S,,SS,,A,,,B,英国風
108,リトルナース,ヘアスタイル,3,,A,S,,A,,,A,,A,メディカル OL
109,音符(黒),ヘアスタイル,3,,S,,A,,A,,S,,S,OL
110,黄金の稲穂,ヘアスタイル,3,S,,S,,B,,,B,,S,
111,西部の少女,ヘアスタイル,3,S,,B,,,B,S,,,S,
112,R-西部の少女,ヘアスタイル,4,S,,S,,A,,S,,S,,
113,チーズケーキ,ヘアスタイル,3,,A,A,,,S,,S,,A,
114,R-チーズケーキ,ヘアスタイル,4,,S,S,,,A,,S,A,,
115,SR-チーズケーキ,ヘアスタイル,5,B,,,S,,SS,,A,SS,,
116,法律家,ヘアスタイル,2,,S,S,,C,,,C,,S,
117,夜の上海,ヘアスタイル,3,,A,S,,A,,,S,,A,
118,R-夜の上海,ヘアスタイル,4,S,,A,,,B,,SS,S,,
119,SR-夜の上海,ヘアスタイル,5,S,,SS,,,B,,S,S,,
120,スイートドリーム(ヘアスタイル),ヘアスタイル,3,,A,S,,,S,,A,A,,
121,SR-ワイルド,ヘアスタイル,4,S,,,A,A,,S,,,S,ロック
122,艶姿,ヘアスタイル,5,C,,S,,S,,A,,A,,
123,赤い糸,ヘアスタイル,4,S,,SS,,B,,S,,,S,
124,小鹿ちゃん,ヘアスタイル,4,S,,,A,,S,,S,,C,
125,舞姫,ヘアスタイル,6,SS,,SS,,S,,A,,S,,
126,夜想ドール,ヘアスタイル,4,S,,,S,,A,S,,,C,ゴシック ロリータ
127,SR-胡蝶,ヘアスタイル,5,A,,S,,,A,,S,SS,,クラシックチャイナ
128,紫胡蝶,ヘアスタイル,5,B,,SS,,SS,,,A,S,,クラシックチャイナ
129,水の精,ヘアスタイル,3,,A,,A,,S,,S,,A,メルヘン
130,R-水の精,ヘアスタイル,5,A,,S,,S,,,S,S,,メルヘン
131,小龍女ヘア,ヘアスタイル,5,B,,S,,S,,,SS,B,,クラシックチャイナ
132,水辺の花,ヘアスタイル,4,B,,S,,S,,,SS,,A,
133,千楓,ヘアスタイル,3,,A,,S,,S,C,,,S,
134,R-千楓,ヘアスタイル,4,,A,,S,,S,B,,,S,
135,SR-千楓,ヘアスタイル,5,S,,S,,,S,B,,S,,
136,幽玄,ヘアスタイル,3,,A,,B,,A,,S,,S,和風
137,R-幽玄,ヘアスタイル,4,C,,,A,,A,,SS,,S,和風
138,SR-幽玄,ヘアスタイル,5,SS,,SS,,B,,,SS,B,,和風
139,狐耳ヘア,ヘアスタイル,5,SS,,SS,,B,,,A,,A,
140,胡蝶,ヘアスタイル,3,,A,B,,,A,,S,,S,クラシックチャイナ
141,R-胡蝶,ヘアスタイル,4,C,,S,,,S,,S,,A,クラシックチャイナ
142,雀の唄,ヘアスタイル,5,S,,S,,S,,S,,,S,クラシックチャイナ
143,ロミオ,ヘアスタイル,4,,S,,S,,S,,A,,S,中性風
145,宮中の華,ヘアスタイル,5,S,,S,,S,,,S,,A,クラシックチャイナ
146,淑蘭,ヘアスタイル,4,,A,S,,S,,,B,,S,
147,ピュアな雲上レディ,ヘアスタイル,3,,A,,C,,S,,S,S,,
148,赤ずきん(ヘアスタイル),ヘアスタイル,3,,A,,S,,A,,A,,A,
149,R-赤ずきん(ヘアスタイル),ヘアスタイル,4,,A,,S,,S,,A,,S,
150,SR-赤ずきん(ヘアスタイル),ヘアスタイル,5,,A,,A,,S,,S,S,,
152,夢追い人,ヘアスタイル,3,S,,S,,,B,S,,,B,
153,あの頃,ヘアスタイル,2,,S,,A,,A,,B,,A,
154,西域の舞姫,ヘアスタイル,4,S,,S,,S,,,C,,S,ダンサー
155,スイーツ(ヘアスタイル),ヘアスタイル,3,,C,,SS,,S,,C,,S,
156,スイーツ(銀),ヘアスタイル,3,,C,,S,,A,,S,,A,
159,リボンガール,ヘアスタイル,3,,A,,A,,S,,S,,A,
160,可憐な召使い,ヘアスタイル,3,,C,SS,,A,,A,,,A,中性風
161,上品な召使い,ヘアスタイル,3,,A,S,,A,,A,,,A,中性風
163,従順な召使い,ヘアスタイル,3,,A,S,,A,,,S,,A,中性風
164,夜の調べ,ヘアスタイル,5,A,,,A,,A,,A,A,,お嬢様
165,フレッシュオレンジ,ヘアスタイル,3,S,,,B,,S,,A,,S,
166,ドクター,ヘアスタイル,3,,A,S,,A,,A,,,S,OL
167,アリス,ヘアスタイル,4,,S,,A,,S,,S,S,,
168,リトルセイラー,ヘアスタイル,4,,S,,A,,S,,S,,S,
169,乙女の祈り,ヘアスタイル,4,,A,,A,,S,,S,,S,
170,プリティガール,ヘアスタイル,4,,S,S,,S,,A,,S,,
171,ジャム,ヘアスタイル,3,,A,,S,,A,,A,,A,
172,スパイラル,ヘアスタイル,4,S,,,S,,S,,A,,S,
173,シューパフ,ヘアスタイル,2,S,,,A,,A,,C,,S,
174,占星術,ヘアスタイル,5,,B,S,,,S,,SS,S,,
178,歌のお姉さん,ヘアスタイル,3,,A,,A,,S,,A,,S,
179,ロックシンガー(赤),ヘアスタイル,3,A,,,S,A,,S,,,B,ロック
180,ロックシンガー(紫),ヘアスタイル,3,A,,A,,A,,S,,,S,ロック
181,夕暮れの歌(茶),ヘアスタイル,3,,A,A,,A,,,A,A,,
183,夕暮れの歌(金),ヘアスタイル,3,,S,S,,,B,,B,B,,
184,夕暮れの歌(紫),ヘアスタイル,3,,S,S,,,B,,S,A,,
185,アホ毛少女(黒),ヘアスタイル,4,,B,,A,A,,,SS,,SS,
186,アホ毛少女(金),ヘアスタイル,4,,A,,A,A,,,A,,SS,
187,個性的な少女,ヘアスタイル,2,,A,B,,,A,,A,,A,
188,川のせせらぎ,ヘアスタイル,2,,A,A,,,A,,A,,A,
189,夢の小島,ヘアスタイル,3,S,,,S,,S,,C,,A,
190,マーサのショート,ヘアスタイル,2,,S,,C,,A,,A,,A,
192,転校生(茶),ヘアスタイル,2,,A,,A,,A,,A,,A,
193,転校生(金),ヘアスタイル,2,,C,,S,,A,,A,,A,
194,ポエム,ヘアスタイル,3,,A,,A,,A,,S,,A,
195,蝶恋花,ヘアスタイル,5,S,,SS,,A,,,S,S,,
196,帽子マニア,ヘアスタイル,3,,S,,A,,B,,S,,B,
198,ムーンシャ,ヘアスタイル,3,,S,,A,,B,,S,,B,
199,シルバーライン,ヘアスタイル,4,,SS,A,,,B,,A,,S,
200,親切なお姉さん,ヘアスタイル,3,,S,A,,A,,A,,,A,
201,茶会の調べ,ヘアスタイル,3,,S,A,,,B,,S,S,,
202,夜影,ヘアスタイル,4,A,,S,,,S,,B,S,,和風 ゴシック
204,有能な助手,ヘアスタイル,3,,S,A,,C,,S,,,S,
205,ルカ,ヘアスタイル,4,,S,,S,,S,,A,,S,
206,美しきスパイ,ヘアスタイル,4,A,,A,,A,,S,,,S,ロック
207,黒雲,ヘアスタイル,4,,S,,A,,S,,S,,S,モダンチャイナ
208,彩雲,ヘアスタイル,4,,S,,S,,S,,A,,S,モダンチャイナ
209,詩織,ヘアスタイル,4,,S,,S,,S,,A,,S,モダンチャイナ
210,花畑の少女,ヘアスタイル,5,,B,C,,,B,,A,B,,
214,憧れの君,ヘアスタイル,5,A,,S,,,A,,B,A,,
215,ほのぼの,ヘアスタイル,5,A,,B,,,A,,A,A,,
217,ほのぼの(茶),ヘアスタイル,4,,B,B,,,S,,SS,S,,
219,ふんわりニキヘアー,ヘアスタイル,4,A,,,SS,,B,,S,,A,
220,レーシー(金),ヘアスタイル,4,,B,S,,,S,,S,S,,
226,錦の心,ヘアスタイル,5,A,,,A,,A,,A,,A,
232,カルファの少年,ヘアスタイル,2,,A,A,,A,,,A,,A,
233,アップルパイ,ヘアスタイル,2,,A,A,,S,,,C,A,,
234,エレナ：センター分け,ヘアスタイル,3,,A,S,,S,,,A,,S,
235,エリザ：アップスタイル,ヘアスタイル,3,,B,S,,A,,S,,,S,
236,セイレーン,ヘアスタイル,3,,C,S,,A,,S,,S,,
238,キキ,ヘアスタイル,4,,B,B,,S,,S,,,S,
239,マリオネット(黒),ヘアスタイル,4,S,,B,,S,,S,,S,,
240,亜麻色の髪の乙女,ヘアスタイル,3,S,,S,,,S,,S,,B,
241,マリオネット(茶),ヘアスタイル,4,S,,B,,S,,S,,S,,
242,ロミオ(黒),ヘアスタイル,4,,S,S,,C,,,S,,S,中性風
244,ロミオ(金),ヘアスタイル,4,,S,S,,B,,,S,,S,中性風
246,夢追い人(白),ヘアスタイル,3,S,,,B,,S,,S,,B,
247,あの頃(茶),ヘアスタイル,2,,S,,C,,A,,A,,A,
248,あの頃(金),ヘアスタイル,2,,A,,A,,A,,A,,A,
249,キャンディ(黒),ヘアスタイル,1,,B,,A,,B,,A,,A,クラシックチャイナ
254,キャンディベル(黒),ヘアスタイル,2,,A,,A,,A,,A,,A,クラシックチャイナ
255,キャンディベルロング(桃),ヘアスタイル,3,A,,,A,,A,,A,,S,クラシックチャイナ
256,キャンディベルロング(黒),ヘアスタイル,3,A,,,A,,A,,A,,A,クラシックチャイナ
258,荒原の真珠(紫),ヘアスタイル,3,,B,S,,,S,,S,,C,ボヘミアン
260,荒原の真珠(茶),ヘアスタイル,4,,B,S,,SS,,,B,S,,ボヘミアン
261,荒原の真珠(銀),ヘアスタイル,5,SS,,S,,B,,,S,S,,ボヘミアン
262,荒原の真珠(金),ヘアスタイル,5,,A,SS,,A,,,A,SS,,ボヘミアン
272,雲上の舞姫(黒),ヘアスタイル,5,SS,,B,,SS,,SS,,B,,クラシックチャイナ ダンサー
273,雲上の舞姫(桃),ヘアスタイル,5,S,,S,,S,,S,,S,,クラシックチャイナ ダンサー
274,雲上の舞姫(金),ヘアスタイル,5,S,,B,,S,,S,,S,,クラシックチャイナ ダンサー
275,マッシュルームカット,ヘアスタイル,2,,A,,A,,S,,A,,C,
281,スイーティ(茶),ヘアスタイル,3,A,,S,,,A,,S,A,,
285,スイーティ(銀),ヘアスタイル,4,S,,S,,,B,,S,S,,
286,チャムティ(紫),ヘアスタイル,5,SS,,,B,,SS,,S,S,,
287,チャムティ(茶),ヘアスタイル,5,S,,,S,,S,,S,S,,
292,氷の囁き(茶),ヘアスタイル,4,,S,A,,,S,,S,,S,
293,子ライオン(茶),ヘアスタイル,3,B,,,S,,S,,S,,C,
294,子ライオン(薄茶),ヘアスタイル,3,B,,,S,,S,,S,,B,
295,子ライオン(金),ヘアスタイル,3,B,,,S,,S,,S,,S,
303,リトルナース(茶),ヘアスタイル,3,,A,A,,A,,A,,,A,メディカル OL
304,リトルナース(薄茶),ヘアスタイル,3,,A,A,,A,,A,,,A,メディカル OL
305,リトルナース(白),ヘアスタイル,3,,C,A,,S,,A,,,A,メディカル OL
315,法律家(金),ヘアスタイル,2,,A,A,,A,,,A,,A,
316,法律家(プラチナ),ヘアスタイル,2,,A,A,,A,,,A,,A,
324,熟女ヘア(茶),ヘアスタイル,5,,B,S,,S,,S,,S,,
325,熟女ヘア(金),ヘアスタイル,5,,B,SS,,SS,,S,,B,,
335,ブルーストーム,ヘアスタイル,3,S,,,A,A,,A,,,A,ロック
336,ブラックストーム,ヘアスタイル,3,A,,,A,A,,A,,,S,ロック
337,カラフルストーム,ヘアスタイル,3,S,,,A,S,,S,,,A,ロック
338,R-ブラックストーム,ヘアスタイル,4,S,,,S,S,,S,,S,,ロック
340,パープルストーム,ヘアスタイル,4,A,,,S,S,,S,,S,,ロック
341,ワイルド(銀),ヘアスタイル,2,A,,,A,A,,A,,,A,ロック
342,ワイルド(黒),ヘアスタイル,2,A,,,A,C,,A,,,A,ロック
344,静かなひととき(金),ヘアスタイル,2,,A,A,,,A,,A,,A,和風
350,静かなひととき(桃),ヘアスタイル,4,,B,S,,S,,,S,S,,和風
353,氷菓の木,ヘアスタイル,3,,S,C,,,A,,A,,S,
354,氷菓の木(茶),ヘアスタイル,3,,S,C,,,A,,S,,S,
357,ハーフアップツイン,ヘアスタイル,3,,S,,C,,S,,S,,B,
359,パワフル少女,ヘアスタイル,3,,S,,A,,A,,A,,A,
363,ツインテール少女,ヘアスタイル,2,,A,,A,,A,,A,,A,
365,未来少女(ゴールド),ヘアスタイル,2,A,,,C,,A,,S,,A,
367,未来少女(グリーン),ヘアスタイル,2,A,,,C,,S,,A,,S,
369,花つぼみ(金),ヘアスタイル,3,S,,,B,,S,,S,,B,
370,花つぼみ(亜麻),ヘアスタイル,3,S,,,B,,S,,S,,B,
371,花つぼみ(茶),ヘアスタイル,4,S,,S,,,S,,S,,B,
380,麦の穂-太陽,ヘアスタイル,3,S,,S,,,B,,S,B,,
381,麦の穂-どうよう,ヘアスタイル,3,A,,A,,,S,,A,A,,
382,麦の穂-田園,ヘアスタイル,3,A,,S,,A,,,A,S,,
385,ほっこりあずき(黒),ヘアスタイル,2,,A,,A,,A,,A,,A,
386,コトコトあずき(青),ヘアスタイル,3,,B,,S,,S,,S,,B,
388,コトコトあずき(黒),ヘアスタイル,3,,B,B,,,S,,S,,B,
389,チャム(紫),ヘアスタイル,3,,A,S,,,A,,S,,C,
390,チャム(金),ヘアスタイル,3,,S,A,,,S,,S,,C,
391,チャム(粉),ヘアスタイル,3,,S,S,,,S,,S,,C,
396,メロディプリンセス(茶),ヘアスタイル,3,S,,,A,,B,,S,S,,
402,エンジェルツイン(紫),ヘアスタイル,5,,S,,S,,S,,S,,S,
418,ベビーフェイス(茶),ヘアスタイル,1,,A,,A,,C,,A,,A,
419,ベビーフェイス(紫),ヘアスタイル,1,,S,C,,,C,,A,,A,
420,琴音,ヘアスタイル,3,,S,B,,S,,,B,S,,
421,サンディ・ピンク,ヘアスタイル,2,,C,,A,,A,,S,,A,
422,サンディ・ブラウン,ヘアスタイル,2,,A,,C,,A,,A,,A,
423,サンディ・ゴールド,ヘアスタイル,2,,S,,C,,B,,S,,S,
424,サンディ・ブラック,ヘアスタイル,2,,S,,B,,B,,S,,S,
426,普通のショート,ヘアスタイル,2,,S,,B,,C,,S,,S,
428,愛の糸,ヘアスタイル,2,,A,A,,C,,,A,A,,
435,仙女ロング,ヘアスタイル,3,B,,S,,S,,S,,B,,クラシックチャイナ
437,白家の奥方,ヘアスタイル,4,,B,SS,,S,,B,,,S,和風
438,絹工房の女将,ヘアスタイル,4,,B,S,,S,,S,,,S,クラシックチャイナ
439,鈴音,ヘアスタイル,2,,A,,C,,S,,S,,B,
442,森の精霊,ヘアスタイル,3,,SS,,B,,B,,S,,B,
443,安らぎセミロング,ヘアスタイル,3,,S,S,,,B,,S,,B,
451,セレブリティ,ヘアスタイル,3,,S,,B,,B,,B,,SS,
452,お団子ヘア,ヘアスタイル,3,,S,,B,,S,,S,,S,
454,初恋,ヘアスタイル,4,,SS,SS,,,B,,B,,S,クラシックチャイナ
456,追憶ヘア,ヘアスタイル,3,B,,SS,,B,,,S,,B,
460,ときめき,ヘアスタイル,2,,A,A,,A,,,A,,A,
461,先輩のロングヘア,ヘアスタイル,2,,A,S,,A,,B,,B,,
462,お姉さんのショート,ヘアスタイル,2,,S,A,,,C,,A,,A,
465,お姉さんのロング,ヘアスタイル,2,,A,A,,A,,S,,C,,
470,お姉さんのロング(金),ヘアスタイル,2,,A,A,,S,,C,,C,,
474,近所のお姉ちゃん,ヘアスタイル,2,,S,S,,S,,C,,B,,
476,プリティロング,ヘアスタイル,3,,S,S,,B,,,S,S,,
491,氷原の花,ヘアスタイル,5,S,,A,,A,,B,,C,,
492,はしゃぎすぎに注意,ヘアスタイル,5,A,,,SS,,A,,S,B,,
493,楽しいお出かけ,ヘアスタイル,5,,A,,A,,S,,S,,A,
494,自由なダンサー,ヘアスタイル,6,,S,SS,,S,,,S,,S,
495,純粋なダンサー,ヘアスタイル,5,,S,S,,S,,,S,,A,
496,文武両道,ヘアスタイル,3,,S,A,,,A,,S,,A,
498,ひかり(茶),ヘアスタイル,3,,B,B,,,S,,S,,B,
499,ひかり(黒),ヘアスタイル,3,,A,B,,,S,,S,,B,
500,ひかり(サックス),ヘアスタイル,3,S,,A,,,B,,S,,B,
501,涼風の少女,ヘアスタイル,3,,B,A,,A,,,S,,S,モダンチャイナ
502,聡明な少女,ヘアスタイル,3,,A,,S,,S,,A,,B,エスニック
503,月との思い出,ヘアスタイル,5,,S,S,,S,,A,,,A,モダンチャイナ
504,少年の旅,ヘアスタイル,2,,B,,S,A,,,S,,B,クラシックチャイナ
505,R-少年の旅,ヘアスタイル,3,,A,,S,B,,,S,,B,クラシックチャイナ
506,農園の花,ヘアスタイル,3,,A,A,,SS,,S,,,B,
507,R-農園の花,ヘアスタイル,4,,A,A,,SS,,SS,,,A,
508,水墨の蘭,ヘアスタイル,4,A,,S,,SS,,,A,,B,モダンチャイナ
509,町のお団子娘,ヘアスタイル,3,,A,S,,S,,,B,,A,クラシックチャイナ
510,茶摘み娘,ヘアスタイル,3,,B,,A,,S,,S,,A,クラシックチャイナ
511,ノーザンの少女,ヘアスタイル,3,,B,,S,,A,,S,,A,ミリタリー
512,蛍との思い出,ヘアスタイル,5,SS,,SS,,B,,,A,,A,クラシックチャイナ
514,ロングウェーブヘア,ヘアスタイル,6,A,,SS,,SS,,,S,A,,
515,ロングウェーブヘア(墨),ヘアスタイル,6,S,,SS,,S,,SS,,A,,
516,ロングウェーブヘア(銀),ヘアスタイル,6,SS,,A,,A,,,SS,S,,
517,写意,ヘアスタイル,4,,A,SS,,S,,A,,,B,
518,ミルクティー,ヘアスタイル,4,,S,,SS,A,,,A,,A,中性風
519,SR-タロット占い師,ヘアスタイル,5,S,,A,,SS,,SS,,A,,
520,怪盗サファイア,ヘアスタイル,5,,SS,SS,,,A,A,,,S,中性風
521,R-ヒツジ娘,ヘアスタイル,5,,A,,SS,,SS,,S,,A,
522,恋しい蓮,ヘアスタイル,4,,SS,A,,,A,,SS,A,,
523,隣のクラスの女の子,ヘアスタイル,4,,SS,,A,,A,,S,,A,
524,おさげの少女(茶),ヘアスタイル,4,,A,,S,,SS,,A,,A,
525,おさげの少女(桃),ヘアスタイル,4,,B,,A,,SS,,SS,,A,
526,おさげの少女(黒),ヘアスタイル,4,,S,,A,,A,,S,,B,
528,鹿の女王,ヘアスタイル,5,,S,SS,,A,,,S,S,,
529,リトルアンナ,ヘアスタイル,2,,B,S,,,S,B,,,B,
530,R-リトルアンナ,ヘアスタイル,3,,B,S,,,S,B,,,B,
531,SR-リトルアンナ,ヘアスタイル,4,A,,S,,,S,A,,,A,
532,美玉,ヘアスタイル,3,,A,S,,B,,,S,A,,
533,R-美玉,ヘアスタイル,4,,A,S,,A,,,SS,A,,
534,SR-美玉,ヘアスタイル,5,,A,S,,A,,,SS,A,,
535,玉蝉,ヘアスタイル,4,A,,S,,A,,,S,A,,
536,R-玉蝉,ヘアスタイル,5,S,,SS,,A,,,SS,A,,
537,精霊のロングヘア,ヘアスタイル,3,,A,S,,S,,,B,B,,
538,R-精霊のロングヘア,ヘアスタイル,4,,A,B,,SS,,,S,A,,
539,SR-精霊のロングヘア,ヘアスタイル,5,,A,A,,SS,,,S,S,,
540,SR-暗黒のロングヘア,ヘアスタイル,5,,A,SS,,S,,SS,,S,,
541,垂れ耳うさぎ,ヘアスタイル,4,,SS,,A,,SS,,B,A,,
542,R-垂れ耳うさぎ,ヘアスタイル,5,,SS,,A,,SS,,S,A,,
543,すっきりヘア,ヘアスタイル,3,,S,S,,A,,,B,,B,
544,花飾りとお団子,ヘアスタイル,4,A,,,B,,S,,SS,,A,クラシックチャイナ
545,夕夜,ヘアスタイル,5,A,,SS,,SS,,,S,A,,クラシックチャイナ
547,ペイン,ヘアスタイル,3,,B,S,,,A,,S,,B,
548,R-ペイン,ヘアスタイル,4,,A,SS,,,B,,S,,A,
549,SR-ペイン,ヘアスタイル,5,A,,S,,,S,,SS,,S,
550,タロット占い師,ヘアスタイル,3,B,,S,,S,,B,,,A,
551,R-タロット占い師,ヘアスタイル,4,A,,S,,SS,,B,,,A,
554,ヒツジ娘,ヘアスタイル,4,,A,,B,,SS,,SS,,B,
557,ダンディ・サファイア,ヘアスタイル,4,,SS,,S,,S,A,,,B,
558,ワイングラス,ヘアスタイル,3,,B,S,,S,,,A,,A,
563,荒野(ヘアスタイル),ヘアスタイル,4,A,,SS,,,A,,S,,A,
567,リボン(茶),ヘアスタイル,3,,B,B,,,S,,S,,A,
568,リボン(金),ヘアスタイル,3,,B,S,,,S,,A,,B,
569,リボン(黒),ヘアスタイル,3,,B,S,,,A,,S,,B,
570,ブロンドドール,ヘアスタイル,2,,S,,B,,S,,A,,B,
571,R-ブロンドドール,ヘアスタイル,3,,B,S,,,S,,B,,A,
572,SR-ブロンドドール,ヘアスタイル,4,A,,SS,,,A,,S,A,,
573,聖なる修道女,ヘアスタイル,2,,S,S,,,A,,B,,B,
574,R-聖なる修道女,ヘアスタイル,3,,A,SS,,,B,,S,,B,
575,SR-聖なる修道女,ヘアスタイル,4,A,,S,,,B,,SS,,A,
576,ルイン少女,ヘアスタイル,4,B,,,S,,SS,,A,,A,近未来
577,ルイン少女(ローズ),ヘアスタイル,4,A,,,SS,,B,,SS,,A,近未来
578,恒温(茶),ヘアスタイル,4,B,,SS,,S,,,A,,A,
579,恒温(黒),ヘアスタイル,4,A,,SS,,A,,,S,,A,
580,鯉,ヘアスタイル,4,,A,SS,,,B,,S,,B,
581,ナターシャ,ヘアスタイル,3,,A,,S,,S,A,,,B,
582,R-ナターシャ,ヘアスタイル,4,,B,,SS,,SS,B,,,A,
583,パープル・ナターシャ,ヘアスタイル,4,,A,,SS,,B,S,,,A,
584,冥界の死神,ヘアスタイル,5,,A,SS,,SS,,A,,A,,
585,リーパー(紫),ヘアスタイル,5,,SS,A,,A,,SS,,A,,
586,リーパー(赤),ヘアスタイル,5,,SS,S,,S,,B,,S,,
587,リーパー(黒),ヘアスタイル,5,,SS,A,,SS,,A,,A,,
588,ガーディアン,ヘアスタイル,5,A,,SS,,A,,SS,,A,,
589,花畑少女(茶),ヘアスタイル,4,,A,,SS,,S,,A,B,,
590,花畑少女(桃),ヘアスタイル,4,,A,,B,,SS,,SS,B,,
591,花畑少女(金),ヘアスタイル,4,,A,,S,,S,,A,A,,
592,オータム(金),ヘアスタイル,3,,A,,B,,S,,SS,B,,
593,オータム(紫),ヘアスタイル,3,,B,,A,,S,,S,A,,
594,オータム(茶),ヘアスタイル,3,,B,,A,,S,,S,A,,
595,サマータイム(銀),ヘアスタイル,4,,A,,SS,,S,,B,,A,
596,サマータイム(黒),ヘアスタイル,4,,B,,SS,,S,,A,,A,
597,サマータイム(栗),ヘアスタイル,4,,A,,S,,S,,A,,A,
598,クラシカルブライド(茶),ヘアスタイル,3,,A,S,,S,,B,,A,,
599,クラシカルブライド(金),ヘアスタイル,3,,A,S,,S,,A,,A,,
600,クラシカルブライド(黒),ヘアスタイル,3,,A,S,,S,,B,,B,,
604,くしゃくしゃ,ヘアスタイル,5,,SS,,S,,A,,S,,A,
605,くしゃくしゃ(赤),ヘアスタイル,5,,S,,A,,A,,SS,,S,
606,くしゃくしゃ(キャラメル),ヘアスタイル,5,,SS,,A,,S,,S,,A,
607,ワピチ,ヘアスタイル,2,,S,,A,,B,,A,A,,
608,R-ワピチ,ヘアスタイル,3,B,,S,,,S,,B,A,,
609,SR-ルマン,ヘアスタイル,4,S,,SS,,,A,,A,B,,
610,ナイトスペル,ヘアスタイル,5,SS,,SS,,,S,B,,A,,
611,秋の思い,ヘアスタイル,3,B,,S,,S,,,B,,B,
612,氷原の勇士,ヘアスタイル,4,A,,S,,S,,A,,,A,
613,海洋遠征,ヘアスタイル,4,A,,A,,S,,SS,,,A,
614,トライブガール(亜麻),ヘアスタイル,4,,B,,SS,,SS,,A,,A,
615,トライブガール(黒),ヘアスタイル,4,,A,,SS,,S,,B,,A,
616,トライブガール(赤),ヘアスタイル,4,,A,,A,S,,S,,,A,
617,青春の歌(薄桃),ヘアスタイル,4,,A,,A,,S,,S,,A,
618,青春の歌(夜月),ヘアスタイル,4,,A,,SS,,S,,B,,A,
619,青春の歌(ミルクティー),ヘアスタイル,4,,A,,S,,S,,A,,A,
620,SR-ギャラクシー,ヘアスタイル,4,S,,,A,,S,,A,A,,
621,R-ギャラクシー,ヘアスタイル,3,B,,,S,,B,,S,A,,
622,ギャラクシー,ヘアスタイル,2,,A,,S,,A,,B,A,,
623,宴の夜,ヘアスタイル,4,S,,SS,,,A,,A,B,,
624,宴の夢,ヘアスタイル,4,S,,B,,,S,B,,A,,
625,チャンスの夜,ヘアスタイル,3,A,,,S,,S,,B,A,,
626,独り舞台,ヘアスタイル,2,,B,,S,,S,,A,B,,
627,SR-竹,ヘアスタイル,4,A,,S,,,A,,SS,B,,
628,R-竹,ヘアスタイル,3,,A,B,,,S,,S,A,,
629,竹,ヘアスタイル,2,,A,B,,,S,,S,B,,
630,華やかダンディ,ヘアスタイル,3,,A,S,,S,,B,,A,,
631,カフェオーナー,ヘアスタイル,3,,B,A,,S,,S,,A,,
632,優しき心,ヘアスタイル,3,,A,S,,S,,A,,B,,
633,白金の忠誠,ヘアスタイル,4,,SS,S,,,A,,A,A,,
634,書斎の香り,ヘアスタイル,4,,SS,S,,,A,,A,A,,
635,夢色の歳月,ヘアスタイル,4,,A,A,,,SS,,SS,A,,
636,幼なじみ,ヘアスタイル,5,A,,S,,SS,,A,,A,,
637,藤の花,ヘアスタイル,4,,A,S,,SS,,,A,A,,
638,出会い,ヘアスタイル,5,,S,,SS,,S,,A,A,,
639,リボン・レディ,ヘアスタイル,3,A,,,S,,S,,A,B,,
640,リボン・デイリー,ヘアスタイル,3,B,,,S,,S,,A,B,,
641,リボン・スポーティ,ヘアスタイル,3,A,,,A,,S,,S,A,,
642,きらめきロング,ヘアスタイル,5,A,,SS,,,A,,S,B,,
643,雪の精,ヘアスタイル,5,S,,S,,,A,,A,A,,
648,アクティブガール,ヘアスタイル,4,,S,,SS,,A,,A,,A,
649,ナイトガール,ヘアスタイル,4,,A,S,,,S,B,,,A,
650,ビーチガール,ヘアスタイル,4,,A,,A,,SS,,S,,A,
654,お嬢様ヘア,ヘアスタイル,5,,A,,A,,S,,SS,A,,
656,亜麻色ショート,ヘアスタイル,4,,A,S,,,S,,A,A,,
658,サマーナイト,ヘアスタイル,3,A,,S,,SS,,B,,B,,
660,ジュエリーの輝き,ヘアスタイル,4,A,,S,,SS,,,A,A,,
661,ジャスミンの花冠,ヘアスタイル,5,A,,S,,SS,,A,,,A,
664,少女の歌,ヘアスタイル,4,,A,A,,,S,,SS,A,,
665,アイドル,ヘアスタイル,4,,S,,SS,,B,,A,,A,
666,R-アイドル,ヘアスタイル,5,A,,,S,,S,,SS,A,,
667,アイドル(黒),ヘアスタイル,5,S,,,S,,SS,,S,A,,
668,空の鶴,ヘアスタイル,3,,S,S,,B,,,A,A,,
669,R-空の鶴,ヘアスタイル,4,B,,S,,SS,,,S,A,,
670,SR-空の鶴,ヘアスタイル,5,A,,SS,,A,,,SS,A,,
671,醒めない悪夢,ヘアスタイル,3,,S,A,,B,,,S,,A,
672,R-醒めない悪夢,ヘアスタイル,4,A,,S,,S,,,A,,B,
673,SR-醒めない悪夢,ヘアスタイル,5,A,,SS,,S,,,SS,,A,
674,雪夜が明ければ,ヘアスタイル,5,S,,SS,,S,,,S,,A,
676,パーフェクト・ガール,ヘアスタイル,4,S,,S,,,A,,A,,B,
677,ダブルヘアピン,ヘアスタイル,3,,B,A,,,S,,S,,A,
678,雲の流れ,ヘアスタイル,4,,SS,A,,,A,,SS,B,,
679,リンレイ,ヘアスタイル,3,B,,S,,B,,,S,,A,
680,プリティ・プリンセス,ヘアスタイル,3,,B,,S,,S,,A,A,,
681,ヤング・プリンセス,ヘアスタイル,4,A,,SS,,A,,,S,B,,
682,エレガント・プリンセス,ヘアスタイル,5,A,,SS,,SS,,,S,A,,
683,美しき微笑み,ヘアスタイル,3,,S,A,,S,,A,,B,,
684,R-美しき微笑み,ヘアスタイル,4,B,,S,,SS,,A,,A,,
685,美しき微笑み(漆黒),ヘアスタイル,4,A,,A,,SS,,S,,A,,
686,美しき微笑み(白金),ヘアスタイル,4,A,,SS,,S,,A,,B,,
687,パレット,ヘアスタイル,3,,B,B,,,S,,S,B,,
688,パレット(黒),ヘアスタイル,3,,S,,A,S,,,A,A,,
689,パレット(赤),ヘアスタイル,3,,A,,S,,S,,A,B,,
690,コクーンテール,ヘアスタイル,3,B,,,S,,SS,,A,,B,
691,エレガントロング,ヘアスタイル,4,A,,SS,,S,,A,,A,,
692,ウェーブテール,ヘアスタイル,4,A,,,S,,A,S,,,A,
693,甘いひととき,ヘアスタイル,3,A,,S,,,S,,A,B,,
694,甘いひととき(金),ヘアスタイル,3,A,,S,,,A,,S,A,,
695,甘いひととき(桃),ヘアスタイル,3,A,,B,,,S,,S,A,,
696,甘いひととき(薄茶),ヘアスタイル,3,B,,S,,S,,,B,A,,
699,心宿・月狐,ヘアスタイル,5,A,,SS,,A,,SS,,A,,
700,あみぼし・金龍,ヘアスタイル,5,A,,A,,SS,,S,,S,,
701,蝶舞,ヘアスタイル,3,,S,B,,,A,,SS,,B,
702,R-蝶舞,ヘアスタイル,4,A,,A,,,SS,,S,,A,
703,SR-蝶舞,ヘアスタイル,5,S,,S,,S,,A,,,S,
704,蝶舞(紫),ヘアスタイル,5,A,,A,,SS,,SS,,,A,
705,蝶舞(桃),ヘアスタイル,5,A,,S,,,SS,,SS,,A,
706,いちごミルク,ヘアスタイル,3,,A,,S,,S,,A,,B,
707,R-いちごミルク,ヘアスタイル,4,A,,A,,,S,,SS,,A,
708,SR-いちごミルク,ヘアスタイル,5,SS,,,A,,SS,,A,,A,
709,いちごミルク(バナナ),ヘアスタイル,5,A,,S,,,SS,,SS,,A,
710,いちごミルク(ココア),ヘアスタイル,5,A,,SS,,S,,,S,,A,
711,豪華な花盛り,ヘアスタイル,5,A,,SS,,SS,,A,,,A,
712,青花の囁き,ヘアスタイル,3,A,,B,,,S,,S,,A,
714,星月の悲しみ,ヘアスタイル,3,,B,A,,,S,,S,,A,
717,キズナの花,ヘアスタイル,4,A,,S,,S,,A,,A,,
718,弥光,ヘアスタイル,4,A,,,S,,S,,S,A,,
720,エリス,ヘアスタイル,4,,S,,SS,,A,A,,A,,
721,恋愛体質,ヘアスタイル,4,,SS,,A,,A,,SS,,B,
722,キューティカール,ヘアスタイル,3,A,,,S,,S,,B,A,,
725,アズハール姫,ヘアスタイル,5,,S,SS,,B,,,SS,,A,
726,届けたい歌,ヘアスタイル,3,,A,SS,,B,,,S,,B,
727,R-届けたい歌,ヘアスタイル,4,A,,S,,A,,,SS,,B,
728,SR-届けたい歌,ヘアスタイル,5,SS,,SS,,A,,,S,,A,
729,聞こえぬ歌,ヘアスタイル,5,A,,A,,SS,,SS,,,A,
730,春の華,ヘアスタイル,2,,S,B,,,B,,S,,B,
731,R-春の華,ヘアスタイル,3,,A,S,,,B,,S,,A,
732,SR-春の華,ヘアスタイル,4,SS,,S,,,B,,A,,A,
733,純白の風,ヘアスタイル,5,A,,A,,SS,,S,,,A,
734,クラシカル・エレガント,ヘアスタイル,5,,A,S,,S,,,A,,A,
735,幸せの鈴,ヘアスタイル,5,A,,,SS,,SS,,S,A,,
739,端麗,ヘアスタイル,3,,SS,S,,A,,,B,,B,
740,さくらんぼ,ヘアスタイル,3,B,,A,,,S,,S,A,,
741,貴婦人ショート,ヘアスタイル,5,A,,SS,,SS,,A,,A,,
742,一つ葉の願い,ヘアスタイル,4,A,,,S,,S,,A,,A,
743,団子,ヘアスタイル,5,S,,,SS,,SS,,A,,A,モダンチャイナ
744,ココアムース,ヘアスタイル,4,A,,SS,,SS,,,A,,B,
745,R-ココアムース,ヘアスタイル,5,SS,,SS,,A,,S,,,A,
746,悲哀の竹,ヘアスタイル,5,A,,SS,,SS,,,A,,A,クラシックチャイナ
747,愛おしさ,ヘアスタイル,4,A,,S,,S,,,A,,A,
757,銀糸の思い,ヘアスタイル,3,A,,,A,,S,,S,,A,
759,困惑,ヘアスタイル,5,,S,A,,SS,,SS,,,B,
760,魅惑の麗人,ヘアスタイル,6,A,,SS,,SS,,A,,,A,
761,魅惑の麗人-奇跡,ヘアスタイル,6,S,,SS,,S,,,SS,,A,
762,魅惑の麗人-終章,ヘアスタイル,6,S,,SS,,SS,,S,,,A,
766,花謳い,ヘアスタイル,5,A,,SS,,,S,,SS,,A,クラシックチャイナ
769,エリス(濃紫),ヘアスタイル,4,A,,,S,A,,,S,,B,
770,エリス(赤紫),ヘアスタイル,4,A,,,S,B,,,SS,,A,
771,恋愛指南書,ヘアスタイル,4,,S,,A,,A,,S,,A,
775,心の鍵(ヘアスタイル),ヘアスタイル,3,A,,S,,,B,,S,,A,
776,四つ葉,ヘアスタイル,3,,A,,S,,S,,A,,B,
777,烈火の歌,ヘアスタイル,3,,S,A,,S,,A,,,B,
778,R-烈火の歌,ヘアスタイル,4,A,,S,,SS,,B,,A,,
779,SR-烈火の歌,ヘアスタイル,5,A,,SS,,SS,,A,,A,,
780,水の華,ヘアスタイル,4,,S,S,,,A,,A,,A,
781,水の華十年,ヘアスタイル,5,A,,S,,A,,,SS,,A,
782,メカニカル(ヘアスタイル),ヘアスタイル,5,A,,,A,,SS,,SS,,S,
783,忠実な衛兵,ヘアスタイル,5,A,,,SS,,S,,S,,A,
784,喧噪の夜風,ヘアスタイル,4,,S,,S,,A,,B,,A,原宿系
785,錦鯉の情,ヘアスタイル,5,,SS,S,,SS,,A,,A,,
787,一目惚れ,ヘアスタイル,5,A,,SS,,SS,,S,,,A,
788,烈火の歌(薄紫),ヘアスタイル,5,A,,SS,,SS,,A,,S,,
789,烈火の歌(濃紫),ヘアスタイル,5,S,,B,,SS,,SS,,A,,
790,水の華十年-夏,ヘアスタイル,5,A,,S,,A,,,SS,,A,
791,水の華十年-春,ヘアスタイル,5,S,,SS,,A,,,S,,A,
792,水の華十年-冬,ヘアスタイル,5,A,,SS,,S,,,A,,A,
793,萌え系猫耳,ヘアスタイル,4,A,,,SS,,S,,B,,A,
794,クール系猫耳,ヘアスタイル,4,,S,,SS,,A,,A,,B,
795,ほっこり系猫耳,ヘアスタイル,4,A,,,A,,S,,S,,A,
796,風のままに,ヘアスタイル,4,A,,S,,S,,A,,,A,
797,風のままに(金),ヘアスタイル,4,A,,S,,,A,,S,,A,
798,風のままに(銀),ヘアスタイル,4,A,,SS,,,A,,S,,B,
799,オルゴールの少女,ヘアスタイル,5,A,,,SS,,SS,,A,,A,
800,青の糸,ヘアスタイル,3,B,,S,,S,,,A,,A,
803,元熙,ヘアスタイル,5,S,,SS,,S,,,S,S,,
806,ピュアミディアム,ヘアスタイル,5,A,,,A,,A,,A,,A,
809,奇想天外,ヘアスタイル,5,,A,,SS,,SS,,A,,A,
810,白と黒の運命,ヘアスタイル,5,SS,,SS,,A,,S,,,A,
811,時空の旅,ヘアスタイル,4,A,,,S,,SS,,A,,A,ロック
812,記憶の旅,ヘアスタイル,4,A,,,SS,,S,,B,,A,ロック
813,ハイジの歌,ヘアスタイル,4,A,,S,,A,,,SS,,B,中世ヨーロッパ風
814,雨のこだま,ヘアスタイル,4,A,,SS,,S,,B,,,A,エスニック
815,メッシュ,ヘアスタイル,3,A,,A,,S,,S,,B,,
816,ロングヘア,ヘアスタイル,3,B,,S,,S,,,A,,B,
817,ロングヘア(白),ヘアスタイル,3,A,,S,,B,,,S,,B,
818,プリティハニー,ヘアスタイル,4,,B,,S,,SS,,A,,A,
820,リサイクル,ヘアスタイル,5,S,,SS,,SS,,A,,,S,
821,リサイクル-ウイルス,ヘアスタイル,5,A,,SS,,SS,,A,,,A,
823,リリアンナ,ヘアスタイル,3,,S,,S,,B,,A,,A,メルヘン
824,R-リリアンナ,ヘアスタイル,4,A,,,S,,S,,A,,A,メルヘン
825,SR-リリアンナ,ヘアスタイル,5,SS,,,SS,,B,,A,,S,メルヘン
826,リリアンナ-刺,ヘアスタイル,5,A,,,S,,SS,,S,,A,メルヘン
827,リリアンナ-露,ヘアスタイル,5,A,,SS,,SS,,,S,,A,メルヘン
828,リリアンナ-夢,ヘアスタイル,5,S,,B,,,SS,,SS,,A,メルヘン
829,花屋の少女,ヘアスタイル,3,,S,A,,,A,,S,,B,
830,花屋の娘,ヘアスタイル,4,A,,SS,,SS,,,A,,B,
832,清香,ヘアスタイル,3,,B,S,,A,,,S,,A,
833,雪の清香,ヘアスタイル,4,A,,S,,S,,,A,,A,
834,木蓮,ヘアスタイル,5,SS,,SS,,A,,,A,,A,
835,幽蘭,ヘアスタイル,5,A,,SS,,SS,,A,,,A,
840,雲煙の仙女,ヘアスタイル,4,,S,A,,SS,,,B,A,,
841,雲煙の仙女-陰,ヘアスタイル,5,A,,SS,,SS,,A,,A,,
842,雲煙の仙女-陽,ヘアスタイル,5,A,,SS,,SS,,S,,A,,
843,奏楽,ヘアスタイル,4,A,,A,,,SS,,S,B,,
844,バイオリンの詩人,ヘアスタイル,5,S,,SS,,SS,,,A,,A,
845,静かな田園,ヘアスタイル,5,A,,S,,,A,,SS,,A,
846,ピアノの芸術,ヘアスタイル,5,S,,SS,,S,,A,,,A,
850,プレリュード,ヘアスタイル,5,B,,B,,,S,,S,,B,
854,白銀,ヘアスタイル,5,A,,SS,,A,,,S,A,,
860,ラフツイン,ヘアスタイル,4,B,,,SS,,S,,B,A,,ロリータ
861,流れ星(ヘアスタイル),ヘアスタイル,3,,S,,B,,A,,S,,A,
866,雪解け,ヘアスタイル,5,,S,S,,A,,,SS,,A,
867,おぼろ月,ヘアスタイル,5,,A,SS,,SS,,S,,A,,
868,暁の星明かり,ヘアスタイル,5,A,,,S,,SS,,S,,A,
869,硯之,ヘアスタイル,5,A,,S,,SS,,,S,,A,クラシックチャイナ
870,灯音,ヘアスタイル,5,A,,,S,,S,,SS,,A,クラシックチャイナ
871,ドリアドの春,ヘアスタイル,5,A,,A,,,SS,,SS,,A,
872,異郷のぬくもり,ヘアスタイル,5,A,,,S,,SS,,A,A,,
873,互いの絆,ヘアスタイル,5,A,,A,,,SS,,SS,A,,
874,AI,ヘアスタイル,5,B,,,SS,A,,,SS,,A,
875,ペキンオペラ,ヘアスタイル,5,S,,SS,,SS,,A,,,A,クラシックチャイナ
876,ラフツイン(灰),ヘアスタイル,4,S,,,S,,S,,B,A,,小動物
877,流れ星(黄),ヘアスタイル,3,A,,,A,,S,,S,,B,
878,流れ星(黒),ヘアスタイル,3,,A,S,,S,,,A,,B,
879,流れ星(灰),ヘアスタイル,3,B,,,S,,S,,A,,A,
880,互いの絆(黒),ヘアスタイル,5,S,,S,,SS,,,A,,A,
881,灯音(黒),ヘアスタイル,5,S,,,S,,SS,,S,,B,
882,アリスの証,ヘアスタイル,4,A,,,B,,S,,SS,,A,
883,アイアンリリー,ヘアスタイル,5,A,,SS,,A,,,SS,,A,
884,チーズロール,ヘアスタイル,4,A,,SS,,B,,,SS,,B,
885,ミントの香り,ヘアスタイル,4,A,,,A,,S,,S,A,,
886,しとやかロング,ヘアスタイル,4,,SS,,A,,A,,S,,A,
887,しっとり少女,ヘアスタイル,4,B,,S,,A,,,SS,,A,
888,穏やかな画家,ヘアスタイル,4,B,,SS,,S,,,A,A,,
889,星占いの少女,ヘアスタイル,4,A,,,A,,S,,SS,A,,ロリータ お嬢様
890,星占いの少女(銀),ヘアスタイル,4,B,,,SS,,SS,,A,,A,ロリータ お嬢様
891,星占いの少女(桃),ヘアスタイル,4,B,,,B,,SS,,S,S,,ロリータ お嬢様
892,星占いの少女(茶),ヘアスタイル,4,B,,S,,A,,,SS,,A,ロリータ お嬢様
893,薫,ヘアスタイル,5,A,,SS,,A,,,S,,A,クラシックチャイナ
894,薫(青嵐),ヘアスタイル,5,B,,S,,S,,,A,,A,クラシックチャイナ
895,薫(南風),ヘアスタイル,5,B,,SS,,A,,,SS,,B,クラシックチャイナ
896,風の囁き,ヘアスタイル,5,,S,B,,S,,B,,,B,
897,R-風の囁き,ヘアスタイル,3,A,,S,,S,,B,,,A,
898,SR-風の囁き,ヘアスタイル,4,S,,A,,SS,,B,,,A,
899,色褪せた頁,ヘアスタイル,5,S,,SS,,S,,S,,,A,
900,愉悦-樹木,ヘアスタイル,3,B,,S,,S,,,A,,A,
901,愉悦-夜幕,ヘアスタイル,3,B,,,S,A,,,S,,B,
902,愉悦-緑地,ヘアスタイル,3,B,,S,,A,,,S,,A,
903,愉悦-夕靄,ヘアスタイル,3,A,,S,,A,,,S,,B,
904,変奏,ヘアスタイル,3,B,,,S,,S,,A,,B,
905,変奏(灰),ヘアスタイル,3,B,,,B,,S,,S,,A,
906,変奏(茶),ヘアスタイル,3,A,,,S,,S,,B,,B,
907,キャンペーンガール,ヘアスタイル,3,,S,S,,A,,,A,,B,
908,キャンペーンガール(黒),ヘアスタイル,3,,S,A,,S,,,B,,A,
909,天然パーマ,ヘアスタイル,3,B,,S,,S,,,B,,B,
910,天然パーマ(紫),ヘアスタイル,3,A,,S,,S,,,A,,B,
911,メッシー,ヘアスタイル,3,A,,,S,,A,,S,,A,
912,メッシー(黒),ヘアスタイル,3,B,,,S,,S,,B,,B,
913,ミニ編み,ヘアスタイル,3,A,,,A,,S,,S,,B,
914,ミニ編み(黒),ヘアスタイル,3,A,,,S,,S,,A,,B,
915,ミニ編み(黄),ヘアスタイル,3,B,,,S,,S,,B,,A,
916,霊幻少女,ヘアスタイル,3,,S,,SS,,B,,B,,B,
917,R-霊幻少女,ヘアスタイル,4,A,,,S,A,,,SS,,A,
918,SR-霊幻少女,ヘアスタイル,5,SS,,SS,,A,,A,,,A,
919,霊幻少女-幻,ヘアスタイル,5,SS,,A,,S,,,SS,,A,
920,天国のクーリエ,ヘアスタイル,3,,B,,S,,S,,A,,A,
921,R-天国のクーリエ,ヘアスタイル,4,A,,,A,,S,,SS,,A,
922,SR-天国のクーリエ,ヘアスタイル,5,A,,,A,,SS,,SS,,A,
923,天国のクーリエ-手紙,ヘアスタイル,5,S,,,A,,SS,,SS,,A,
924,チェリーテール,ヘアスタイル,3,B,,,S,,S,,A,,A,
925,ウルフカット,ヘアスタイル,4,,SS,,S,,A,,B,,A,
926,異国の旅人,ヘアスタイル,4,,B,,S,,SS,,A,,B,
927,椿の芽,ヘアスタイル,4,A,,,A,,S,,SS,,A,
928,ももこヘア,ヘアスタイル,5,B,,,S,,SS,,SS,,A,
929,シルバーグレイの輝き,ヘアスタイル,5,S,,SS,,SS,,A,,,A,
930,星の祭司,ヘアスタイル,5,A,,S,,SS,,S,,,A,
931,南国の花,ヘアスタイル,5,A,,S,,S,,A,,,A,
932,尾宿・火虎,ヘアスタイル,5,A,,SS,,SS,,S,,,A,
933,女宿・土蝠,ヘアスタイル,5,S,,SS,,SS,,A,,,A,
935,お茶目バニー,ヘアスタイル,3,A,,,S,,S,,A,,A,
940,風を聴く者,ヘアスタイル,3,A,,,B,,S,,S,,A,
941,R-風を聴く者,ヘアスタイル,4,A,,,A,,S,,S,,A,
942,SR-風を聴く者,ヘアスタイル,5,SS,,,SS,,A,,A,A,,
943,内巻きブロンド,ヘアスタイル,4,A,,S,,,A,,SS,,A,
944,衛兵の誇り,ヘアスタイル,4,B,,,A,,S,,S,,A,
945,君と過ごした夏,ヘアスタイル,5,A,,,A,,SS,,SS,,A,
946,緑雨の三つ編み,ヘアスタイル,5,,A,,S,,SS,A,,,A,
947,青い巻き髪,ヘアスタイル,5,A,,SS,,S,,,S,,S,
948,フレア,ヘアスタイル,5,A,,SS,,SS,,S,,,S,
949,アリーシャ,ヘアスタイル,5,A,,SS,,,A,,SS,,S,
950,8月の太陽,ヘアスタイル,4,A,,,SS,,S,,A,,A,
951,きらめく太陽,ヘアスタイル,4,A,,A,,S,,S,,,B,
952,ウィノナ,ヘアスタイル,4,,B,,S,,S,,A,,A,
971,羊飼いの少女,ヘアスタイル,5,A,,B,,,SS,,S,,A,
973,心地よい上質,ヘアスタイル,4,A,,S,,S,,,B,,A,
976,月下城主,ヘアスタイル,4,,A,,SS,,A,,SS,B,,
977,月下城主(金),ヘアスタイル,4,,A,,A,,S,,S,A,,
978,荒野の村,ヘアスタイル,4,A,,A,,SS,,S,,,A,
979,アンジェリカ,ヘアスタイル,5,A,,,SS,,A,SS,,,A,
980,ルシア,ヘアスタイル,5,A,,,A,SS,,SS,,,A,
986,ハロウィンの小悪魔,ヘアスタイル,4,A,,,SS,,A,S,,,B,
987,内巻きブラウン,ヘアスタイル,4,A,,SS,,,S,,A,,A,
988,黒髪の雪,ヘアスタイル,5,A,,SS,,S,,,S,,A,クラシックチャイナ
989,雲花,ヘアスタイル,5,A,,SS,,A,,,SS,,A,クラシックチャイナ
990,10年の約束,ヘアスタイル,5,S,,S,,SS,,,A,,A,
992,波飛沫,ヘアスタイル,5,A,,A,,SS,,SS,,,A,
993,学生ヘアースタイル,ヘアスタイル,3,,S,A,,,A,,A,,A,
997,白駒の兵士,ヘアスタイル,5,A,,,SS,,SS,,A,,A,メルヘン
998,白のクイーン,ヘアスタイル,5,A,,SS,,SS,,A,,A,,メルヘン
1005,リリアン,ヘアスタイル,4,A,,,A,,S,,SS,,A,メルヘン
1015,アイビー,ヘアスタイル,5,B,,,SS,,S,A,,,A,原宿系
1016,優雅なシャンパン,ヘアスタイル,3,B,,S,,S,,A,,,B,
1020,遅めの桜,ヘアスタイル,5,S,,,S,,SS,,A,,A,
1021,遅めの桜(青),ヘアスタイル,5,A,,,SS,,S,,A,A,,
1022,遅めの桜(金),ヘアスタイル,5,S,,,S,,SS,,A,A,,
1026,夜の沈黙,ヘアスタイル,5,A,,A,,SS,,S,,A,,
1027,夜の華,ヘアスタイル,5,SS,,SS,,A,,A,,S,,
1031,メロディーラビット,ヘアスタイル,5,A,,,S,,SS,,S,A,,
1032,始まりの歌,ヘアスタイル,5,S,,S,,SS,,,A,A,,
1033,夜明け間近,ヘアスタイル,5,A,,S,,SS,,,A,A,,
1036,無憂川の旅浪人,ヘアスタイル,4,B,,S,,S,,A,,A,,
1041,晩秋ヘア,ヘアスタイル,3,A,,,S,,S,,B,B,,
1042,魚の泡,ヘアスタイル,3,,A,,S,,S,,B,,A,
1046,花の髪飾り,ヘアスタイル,4,,SS,,S,,B,,A,,A,
1047,薫る髪,ヘアスタイル,5,A,,SS,,A,,,SS,,A,
1048,七色の夢,ヘアスタイル,5,A,,A,,S,,SS,,,A,
1049,雪物語,ヘアスタイル,5,A,,S,,A,,,SS,,A,
1051,聖夜,ヘアスタイル,4,,A,,A,,S,,S,A,,
1052,聖夜(羽),ヘアスタイル,4,A,,S,,S,,,A,A,,
1053,雲の髪,ヘアスタイル,5,A,,SS,,SS,,S,,,A,クラシックチャイナ
1055,幻夜の表裏,ヘアスタイル,5,SS,,S,,S,,S,,,A,
1056,幻夜の流光,ヘアスタイル,5,A,,SS,,SS,,A,,,A,
1057,暖かな陽射し,ヘアスタイル,5,S,,SS,,,A,,SS,,A,
1058,ポポのリボン,ヘアスタイル,5,A,,,SS,,S,,B,,A,
1064,氷星の髪,ヘアスタイル,5,A,,SS,,SS,,,A,,A,
1065,クリスマスの精霊,ヘアスタイル,5,A,,,S,,SS,,SS,A,,メルヘン
1081,吉兆の雪,ヘアスタイル,3,A,,,A,,S,,S,,A,クラシックチャイナ
1084,クリスマスパーティー,ヘアスタイル,4,A,,,S,,SS,,S,,B,
1087,リカ,ヘアスタイル,5,A,,SS,,S,,A,,,S,エスニック
1088,カッサンドラー,ヘアスタイル,5,B,,SS,,S,,,SS,,A,
1089,風の息吹,ヘアスタイル,5,SS,,SS,,A,,S,,,A,
1092,寒空の月,ヘアスタイル,5,A,,A,,SS,,S,,A,,
1097,魔術アシスタント,ヘアスタイル,3,A,,,B,,S,,S,B,,
1110,ビハート,ヘアスタイル,4,S,,S,,,A,,A,,B,
1111,黒蝶,ヘアスタイル,5,S,,A,,SS,,,A,S,,
1112,わらしの伝説,ヘアスタイル,5,A,,,SS,,S,,S,,S,
1113,鉄羽山の風,ヘアスタイル,5,S,,,SS,,A,SS,,A,,和風
1114,変幻自在,ヘアスタイル,5,A,,,SS,,S,,S,,A,
1115,楓の小道,ヘアスタイル,5,SS,,S,,SS,,S,,A,,
1116,須弥の鬼,ヘアスタイル,5,A,,A,,SS,,SS,,,A,エスニック
1120,マオの愛情,ヘアスタイル,5,A,,,SS,,SS,,B,A,,
1121,森の小道,ヘアスタイル,5,SS,,A,,SS,,A,,,A,
1125,ツインテールは正義,ヘアスタイル,4,A,,,A,,S,,SS,,B,
1128,須弥の音,ヘアスタイル,5,SS,,A,,S,,A,,,A,エスニック
1147,清らかな朝,ヘアスタイル,5,A,,A,,,SS,,SS,,A,
1148,甘酸っぱい記憶,ヘアスタイル,4,A,,,A,,S,,S,,A,
1150,ゆるふわ三つ編み,ヘアスタイル,4,B,,,S,,SS,,B,,A,
1153,シルバーカール,ヘアスタイル,5,A,,,SS,,S,,S,,A,
1154,プリンセスロール,ヘアスタイル,5,S,,S,,SS,,S,,,A,
1155,ゴールドキャット(1155),ヘアスタイル,5,S,,S,,SS,,S,,,S,
1164,静寂の歌,ヘアスタイル,5,A,,,A,,SS,,SS,,A,
1173,草の竪琴,ヘアスタイル,5,A,,SS,,A,,,SS,,A,
1174,白月の弦,ヘアスタイル,5,SS,,S,,S,,,A,,S,
1175,朧げな歳月,ヘアスタイル,5,A,,SS,,SS,,,A,,S,
1176,桜物語,ヘアスタイル,5,A,,SS,,SS,,,A,,A,
1177,優しい風,ヘアスタイル,5,A,,SS,,SS,,,S,,A,和風
1178,ときめく想い,ヘアスタイル,5,,SS,,SS,,S,,B,,A,
1179,春嵐,ヘアスタイル,5,A,,A,,,SS,,SS,,A,
1188,快活ポニーテール,ヘアスタイル,3,,S,,S,,A,,A,,B,
1196,アイル,ヘアスタイル,5,S,,S,,S,,SS,,,A,
1198,お揃いの金髪(兄),ヘアスタイル,5,S,,SS,,SS,,,A,,A,
1199,お揃いの金髪(妹),ヘアスタイル,5,A,,,SS,,SS,,A,,A,
1200,最後の高校生活,ヘアスタイル,5,A,,,A,,SS,,SS,,A,
1201,幸せ飛行機,ヘアスタイル,5,A,,,SS,,SS,,A,,A,
1204,白藤(ヘアスタイル),ヘアスタイル,3,A,,,S,,S,,A,,B,
1211,悪魔に捧ぐ歌,ヘアスタイル,5,S,,,A,,SS,,SS,,A,
1215,甘い乙女心,ヘアスタイル,5,A,,,S,,SS,,A,,A,ロリータ
1217,すっきりツイン,ヘアスタイル,3,A,,,S,,SS,,B,,B,
1219,夜河流砂,ヘアスタイル,5,A,,A,,SS,,S,,,B,
1220,シルバーウェーブ,ヘアスタイル,5,A,,SS,,,A,,S,A,,
1221,カールボブ,ヘアスタイル,5,B,,SS,,B,,,SS,B,,
1222,柔らかなローリエ,ヘアスタイル,5,A,,SS,,SS,,B,,,A,
1226,ティーウェーブ,ヘアスタイル,5,A,,S,,,A,,S,A,,
1228,暖かなローリエ,ヘアスタイル,5,A,,S,,SS,,A,,,B,
1231,三途流砂,ヘアスタイル,5,A,,SS,,S,,A,,,B,
1232,風華(黒),ヘアスタイル,5,A,,SS,,SS,,S,,,S,
1233,風華(白),ヘアスタイル,5,S,,S,,SS,,SS,,,A,
1235,天幕の剥落,ヘアスタイル,5,S,,SS,,A,,S,,,S,
1236,夜月の蝶,ヘアスタイル,5,S,,,SS,,S,,A,,A,
1237,夢の言の葉,ヘアスタイル,5,A,,,SS,,S,,S,,A,
1238,情熱の夜,ヘアスタイル,5,A,,S,,S,,SS,,,A,女神
1239,ファラ,ヘアスタイル,5,A,,SS,,SS,,A,,,A,
1240,深藍の秘境,ヘアスタイル,5,SS,,S,,,A,,S,,S,
1241,シュエリ,ヘアスタイル,5,A,,SS,,S,,,A,,S,メルヘン
1242,束縛の風,ヘアスタイル,5,A,,,S,,S,,SS,,A,
1243,シルフィ,ヘアスタイル,5,S,,,S,,A,,A,,B,
1244,華露を濯ぐ,ヘアスタイル,5,S,,SS,,A,,,A,,S,クラシックチャイナ
1245,ユエ,ヘアスタイル,5,SS,,S,,SS,,,A,,A,クラシックチャイナ
1246,菜摘みの夢,ヘアスタイル,5,A,,SS,,A,,,SS,,A,
1247,長思帰歌,ヘアスタイル,5,A,,S,,A,,,SS,,S,
1264,特務捜査官,ヘアスタイル,5,A,,,SS,,SS,,S,,A,
1265,夜影の黒猫,ヘアスタイル,5,A,,SS,,SS,,A,,,A,
1282,ふんわりゴールド,ヘアスタイル,3,A,,,S,,S,,A,,A,
1289,房宿・日兎,ヘアスタイル,5,A,,,SS,,SS,,S,A,,
1290,夏の命,ヘアスタイル,5,A,,SS,,SS,,A,,,A,
1291,一人ぼっちの夏祭り,ヘアスタイル,5,,SS,,A,,A,,S,,A,
1292,流星に願いを,ヘアスタイル,5,A,,SS,,,SS,,A,,S,
1293,張宿・月鹿,ヘアスタイル,5,A,,SS,,A,,,SS,,A,クラシックチャイナ
1294,お家の手伝い,ヘアスタイル,5,A,,,A,,SS,,SS,,S,
1298,めろめろヘアー,ヘアスタイル,5,A,,,SS,,S,,S,,A,
1299,ふわふわヘアー,ヘアスタイル,5,A,,,SS,,SS,,A,,A,
1302,銀色の旋律,ヘアスタイル,5,,A,,S,,S,,A,,A,
1336,烏の驚き,ヘアスタイル,5,A,,SS,,SS,,A,,A,,
1348,華やかな主張,ヘアスタイル,5,A,,SS,,SS,,A,,,A,
1349,飛翔の夢,ヘアスタイル,5,A,,,SS,,A,,S,,S,
1351,小説家と私,ヘアスタイル,5,S,,,SS,,SS,,A,,A,
1352,約束と秘め事,ヘアスタイル,5,,SS,A,,SS,,A,,A,,
1353,恋せよ乙女,ヘアスタイル,6,S,,,S,,SS,,SS,A,,
1354,新しいアイデア,ヘアスタイル,5,,SS,,A,,S,,SS,A,,
1358,パペットガール,ヘアスタイル,5,A,,,A,,S,,SS,,A,ロリータ
1359,魔術師のパペット,ヘアスタイル,5,A,,,SS,,SS,,A,,A,ロリータ
1374,シルバーグレー,ヘアスタイル,5,A,,,SS,,SS,,A,B,,
1375,タンポポ(ヘアスタイル),ヘアスタイル,5,S,,SS,,,S,,SS,,A,
1376,繋がる声,ヘアスタイル,5,A,,,SS,,SS,,S,,A,
1377,星の分裂,ヘアスタイル,5,A,,SS,,SS,,S,,,A,
1386,背徳の愛,ヘアスタイル,5,A,,S,,SS,,A,,A,,
1387,禁断の恋,ヘアスタイル,5,S,,A,,A,,SS,,S,,
1397,月の石,ヘアスタイル,5,S,,S,,SS,,A,,,A,
1407,栗色の秋風,ヘアスタイル,5,A,,,SS,,A,,SS,,A,
1409,月光の少女,ヘアスタイル,5,B,,SS,,SS,,A,,A,,
1425,紫の朝霧,ヘアスタイル,5,A,,SS,,SS,,A,,,A,
1426,祝福の翔き,ヘアスタイル,5,S,,SS,,,A,,SS,,A,
1427,はじまりの夢,ヘアスタイル,5,A,,S,,,A,,SS,,S,
1429,スーのクリスマスヘア,ヘアスタイル,5,A,,,S,,SS,,B,A,,
1430,遠方の手紙,ヘアスタイル,5,A,,,SS,,A,,S,A,,
1431,雪の天使,ヘアスタイル,5,A,,,S,,SS,,A,B,,
1432,人々の願い,ヘアスタイル,5,A,,S,,S,,A,,S,,
1433,白銀の誓い,ヘアスタイル,5,S,,SS,,A,,,SS,A,,
1434,うちゅうじん,ヘアスタイル,5,S,,,SS,,A,,SS,,A,原宿系
1435,爽やかな風に,ヘアスタイル,5,A,,SS,,,A,,SS,,S,
1446,アルカディア,ヘアスタイル,5,,A,,S,SS,,SS,,,A,
1447,ミッキー,ヘアスタイル,5,A,,,A,SS,,S,,,A,
1448,銀の銃弾,ヘアスタイル,5,A,,,SS,S,,SS,,,S,
1451,イチゴ,ヘアスタイル,5,A,,,S,,SS,,SS,,S,
1452,サニ,ヘアスタイル,5,A,,,S,S,,SS,,,B,ロック
1453,カリン,ヘアスタイル,5,A,,A,,SS,,SS,,,S,
1454,リノ,ヘアスタイル,5,,S,,A,,A,SS,,,S,
1455,マリア,ヘアスタイル,5,A,,A,,SS,,SS,,,A,
1456,魔性の微笑,ヘアスタイル,5,A,,S,,SS,,SS,,,A,
1457,メル,ヘアスタイル,5,S,,,SS,,SS,,A,,A,
1458,雪の舞,ヘアスタイル,4,,S,SS,,A,,,A,,A,
1459,躍動,ヘアスタイル,4,,S,A,,A,,,S,,A,
1491,ストロベリーラテ,ヘアスタイル,5,A,,,SS,A,,SS,,,A,
1492,恋のロマン,ヘアスタイル,5,A,,SS,,SS,,A,,,A,
1536,花影流転,ヘアスタイル,5,A,,,A,,SS,,SS,,A,
1537,新たな誕生,ヘアスタイル,4,,S,,SS,,A,,B,,A,
1538,わたあめうさぎ,ヘアスタイル,5,A,,,SS,,A,,S,,S,
