1,白の囁き,ドレス,2,,A,A,,A,,,A,,A,女神
2,夜の帳,ドレス,2,A,,A,,A,,A,,,A,女神
3,シャンパンドレス,ドレス,3,,A,B,,B,,,S,,S,女神
4,白蓮華,ドレス,3,,A,S,,C,,,A,,A,女神
6,ネコ型ロボット,ドレス,4,,S,,S,,S,,S,,A,
8,トラネコ星人,ドレス,4,,A,,A,,S,,S,,A,
9,童話の星,ドレス,5,A,,,A,,S,,S,,S,ロリータ
10,ウィンドデールの星,ドレス,5,S,,,A,,SS,,S,,S,ロリータ
11,真夏の星,ドレス,5,A,,,S,,SS,,S,,S,ロリータ
12,ショコラ・テディ,ドレス,5,SS,,,A,,S,,S,,S,ロリータ 小動物
13,キャンディ・テディ,ドレス,5,S,,,S,,A,,S,,S,ロリータ 小動物
14,マシュマロ・テディ,ドレス,5,A,,,S,,S,,SS,,S,ロリータ 小動物
15,デーモン・スプライト,ドレス,3,S,,,C,,S,A,,,S,ロリータ ゴシック
16,ホーリー・スプライト,ドレス,3,A,,,C,,S,,S,,S,ロリータ
17,チアフル・スプライト,ドレス,3,A,,,A,,S,,A,,A,ロリータ
19,烈火の女神,ドレス,4,S,,S,,A,,,S,S,,中世ヨーロッパ風
20,女神ダプネー,ドレス,4,A,,S,,A,,,S,A,,中世ヨーロッパ風
21,ロングドレス・薔薇,ドレス,4,S,,S,,A,,B,,,S,中世ヨーロッパ風 女神
22,ロングドレス・鈴蘭,ドレス,4,S,,B,,S,,A,,,S,中世ヨーロッパ風 女神
24,紅の魔女,ドレス,5,S,,SS,,S,,S,,A,,中世ヨーロッパ風
25,エンジェルミニ,ドレス,3,S,,,A,,S,,S,,B,中世ヨーロッパ風
26,スノーホワイト,ドレス,4,S,,B,,,S,S,,,S,中世ヨーロッパ風 メルヘン
27,グレアのワイン,ドレス,4,,S,,A,,S,,S,S,,エプロン
28,グレアのパイ,ドレス,4,,A,,S,,S,,A,A,,エプロン
30,アテナの装束(紫),ドレス,3,A,,S,,A,,A,,A,,中世ヨーロッパ風
31,アテナの装束(黄),ドレス,3,A,,S,,A,,A,,A,,中世ヨーロッパ風
32,ベビードールワンピ(桃),ドレス,4,S,,S,,,S,,A,B,,中世ヨーロッパ風
33,ベビードールワンピ(青),ドレス,4,S,,SS,,S,,S,,,B,中世ヨーロッパ風
34,ホワイトオリーブ,ドレス,3,A,,S,,B,,,S,A,,
35,ちょうちょ結びの夢(黄),ドレス,3,A,,A,,A,,,A,,C,中世ヨーロッパ風
36,ちょうちょ結びの夢(桃),ドレス,3,A,,A,,,A,,A,,C,中世ヨーロッパ風
37,舞(青),ドレス,5,S,,S,,,A,S,,,S,中世ヨーロッパ風
38,舞(黄),ドレス,5,SS,,S,,,S,SS,,,S,中世ヨーロッパ風
39,舞(ピンク),ドレス,5,S,,,B,,SS,S,,,S,中世ヨーロッパ風
40,スターライト(紫),ドレス,4,S,,S,,S,,A,,,S,中世ヨーロッパ風 フォーマル
41,スターライト(緑),ドレス,4,S,,A,,S,,S,,,S,中世ヨーロッパ風 フォーマル
42,スターライト(白),ドレス,4,S,,S,,S,,A,,,S,中世ヨーロッパ風 フォーマル
44,秋の静寂,ドレス,2,,A,,A,,A,B,,,A,エプロン
45,銀世界,ドレス,2,,A,,A,,A,A,,,A,エプロン
46,春うらら,ドレス,2,,A,,B,,A,A,,,A,エプロン
47,灼熱サマー,ドレス,2,,A,,A,,A,A,,,A,エプロン
48,先生のクローゼット(藍),ドレス,2,,A,A,,,B,,S,,S,
49,先生のクローゼット(紫),ドレス,2,,S,A,,,B,,S,,A,
50,先生のクローゼット(青),ドレス,2,,A,A,,,B,,S,,A,
51,ダイヤのクィーン(赤),ドレス,3,,S,S,,A,,A,,,A,
52,ダイヤのクィーン(青),ドレス,3,A,,B,,S,,A,,,A,
53,ダイヤのクィーン(黒),ドレス,3,,S,S,,A,,B,,,A,
54,四つ葉のクローバー(桃),ドレス,3,A,,,S,,A,,A,,S,
55,四つ葉のクローバー(青),ドレス,3,A,,,S,,A,,A,,A,
56,歌い人(桃),ドレス,3,,S,A,,,A,,A,A,,
57,歌い人(紫),ドレス,3,,A,A,,A,,,S,A,,
58,歌い人(白),ドレス,3,,A,A,,,S,,S,,S,小花柄
59,歌い人(青),ドレス,3,,S,A,,,S,,S,,A,小花柄
60,緑柳,ドレス,4,,S,S,,,S,,S,,B,クラシックチャイナ
61,緑柳と鶯,ドレス,5,S,,S,,S,,,SS,,B,クラシックチャイナ
62,セレブワンピ,ドレス,3,,S,A,,S,,A,,A,,英国風
63,白衣の天使,ドレス,4,,S,,S,,A,S,,,A,メディカル
64,春の嵐,ドレス,3,S,,S,,,A,,A,A,,和風
65,黄金菊花,ドレス,3,S,,B,,,A,,S,B,,和風
66,面影の宝石,ドレス,4,S,,,B,,S,,SS,S,,和風
67,翠竹,ドレス,5,S,,,S,,S,,S,,S,和風
68,メイド・プリティ,ドレス,3,,A,,A,,A,A,,,A,メイド エプロン
69,メイド・スイーティ,ドレス,4,S,,,S,,S,A,,,S,メイド エプロン
70,メイド・ショコラ,ドレス,5,SS,,,S,,S,S,,,S,メイド エプロン
71,ヒョウ柄ワンピ,ドレス,3,S,,A,,A,,S,,,B,
72,モノクロツートーン,ドレス,3,,A,S,,A,,A,,,S,
73,上海の海辺,ドレス,3,A,,S,,A,,A,,,A,レトロチャイナ チャイナドレス
74,夢の上海,ドレス,4,A,,A,,S,,S,,,A,レトロチャイナ チャイナドレス
75,迷霧の上海,ドレス,5,S,,B,,SS,,S,,,S,レトロチャイナ チャイナドレス
77,永遠の誓い,ドレス,3,S,,A,,A,,,B,,B,ウェディング
78,鹿ガール,ドレス,3,,S,,S,,A,,A,A,,森ガール
79,トナカイガール,ドレス,4,,B,,S,,S,,S,S,,森ガール 小動物
80,星の海,ドレス,6,S,,SS,,S,,A,,,SS,中世ヨーロッパ風
81,夢見るバービー,ドレス,4,S,,B,,,S,S,,,S,ロリータ
82,花刻む夜,ドレス,4,S,,S,,A,,A,,,S,
83,星屑ワンピ,ドレス,3,,S,A,,S,,,A,,A,小花柄
84,シンプルワンピ,ドレス,2,,A,S,,A,,A,,,A,
85,ソムリエ,ドレス,2,,A,A,,A,,A,,A,,
86,魅惑,ドレス,3,,A,A,,S,,A,,,A,
87,涼しげ夏ワンピ,ドレス,2,,A,A,,C,,,A,,A,
88,彼シャツ,ドレス,3,,A,A,,A,,S,,,S,
90,民謡,ドレス,3,,S,,A,,A,,A,S,,UV対策
92,亜麻のワンピース,ドレス,2,,S,C,,,A,,A,A,,部屋着
93,夢の花畑,ドレス,4,A,,,A,,A,,S,,S,ボヘミアン 小花柄
94,チェリーサラダ,ドレス,3,,S,,A,,A,,S,,A,小花柄
95,漆黒の宮廷,ドレス,3,,S,S,,,A,A,,,A,
96,碧の旋律,ドレス,3,,SS,,B,B,,,B,,SS,
97,デニムレディ,ドレス,2,,S,S,,,C,,B,S,,デニム
98,女神の領域,ドレス,3,,SS,,B,,C,S,,,SS,女神
99,桃色キャミワンピ,ドレス,2,,A,,A,,B,A,,,S,部屋着 ナイトウェア
101,激情の炎,ドレス,2,A,,A,,A,,A,,,A,フォーマル
102,幻花の香り,ドレス,3,,A,A,,B,,S,,,S,ボヘミアン 小花柄
104,アイリス,ドレス,2,,A,A,,,A,,A,,A,
106,薔薇のプール,ドレス,3,,S,S,,S,,C,,,S,
107,陶芸,ドレス,1,,S,B,,A,,B,,B,,OL
108,うきうき気分,ドレス,3,,A,,A,,S,,B,,A,小花柄
109,金融の女傑,ドレス,3,,B,S,,S,,A,,A,,
110,幻花のミニワンピ,ドレス,4,S,,B,,,S,S,,,S,小花柄
111,青春の思い出,ドレス,2,,A,,B,,B,,A,,S,部屋着
112,流浪の旅,ドレス,1,,A,A,,A,,,A,B,,
113,純白ワンピ,ドレス,2,,A,A,,,A,B,,,A,
114,作曲家,ドレス,2,,A,A,,A,,A,,A,,
115,ピンクバタフライ,ドレス,2,,A,B,,,A,A,,,A,小花柄
116,若草ゆったりワンピ,ドレス,2,,S,,A,,A,,C,,A,部屋着
117,曇天,ドレス,1,,A,B,,,B,,A,,A,
118,快晴,ドレス,1,,A,,C,,S,,B,,A,小花柄
119,ピクニック,ドレス,1,,A,,C,,A,,A,,B,
120,ゆったりパジャマ,ドレス,2,,S,A,,C,,,C,,S,ナイトウェア
121,サーベイヤー,ドレス,2,,A,,A,,B,A,,,S,部屋着
122,天真爛漫(ドレス),ドレス,3,,A,,A,,A,B,,,S,
124,海月少女,ドレス,4,A,,,S,,S,,S,,S,メルヘン
125,海月姫,ドレス,5,S,,,S,,S,,S,,S,メルヘン
126,墓守りの仙女,ドレス,5,S,,S,,S,,,S,S,,クラシックチャイナ
127,楓のくノ一,ドレス,3,S,,,A,,S,A,,,A,和風
128,紅のくノ一,ドレス,4,S,,,A,,S,S,,,A,和風
129,楓の上忍,ドレス,5,S,,,S,,S,S,,,S,和風
130,曼珠沙華,ドレス,3,,S,,A,,B,S,,,A,和風
131,R-曼珠沙華,ドレス,4,,S,,A,,B,SS,,,B,和風
132,SR-曼珠沙華,ドレス,5,S,,,S,,A,SS,,,A,和風
133,妖狐と芥子,ドレス,5,S,,,SS,,S,,A,,A,
134,孔雀の衣,ドレス,5,S,,S,,S,,B,,,S,クラシックチャイナ ダンサー
135,漢服の女神,ドレス,2,A,,A,,B,,,B,B,,クラシックチャイナ
136,清の花影,ドレス,5,SS,,S,,,B,,S,S,,クラシックチャイナ
137,幽蘭の長衣,ドレス,4,SS,,SS,,B,,A,,,B,クラシックチャイナ
138,杏の花,ドレス,4,S,,,S,,S,,B,,S,モダンチャイナ UV対策
139,普通のバスタオル,ドレス,3,,A,,A,,S,A,,,A,バスタイム
140,澄んだ心(白),ドレス,4,S,,,S,,S,,B,,S,小花柄
141,澄んだ心(緑),ドレス,4,,A,,S,,S,,C,,S,小花柄
143,ロングエプロン,ドレス,3,,S,A,,,B,,A,S,,冬服 エプロン
146,チェックタイトワンピ,ドレス,3,,S,B,,S,,B,,,S,
147,インドア派,ドレス,3,,S,,A,B,,S,,,A,中性風
148,タンポポの秘密,ドレス,3,C,,A,,A,,A,,,S,小花柄
149,スノーフラワーの秘密,ドレス,3,,S,,S,,S,,B,,S,小花柄
150,優等生(白),ドレス,2,,A,C,,,S,,A,A,,中性風
151,優等生(青),ドレス,2,,A,,C,,B,,S,S,,中性風
152,闘魂,ドレス,3,,S,,A,,A,A,,,A,ナイトウェア
153,闇夜,ドレス,3,,A,A,,A,,A,,,A,
155,秋色ロングニット(黄),ドレス,2,,S,A,,,A,B,,A,,部屋着 冬服
156,秋色ロングニット(茶),ドレス,2,,A,A,,A,,B,,A,,部屋着 冬服
157,雪雲,ドレス,3,,A,,S,,S,,C,,S,
158,紅地,ドレス,3,,S,,A,,A,,S,,A,
159,モカ,ドレス,3,,S,B,,,A,,A,S,,中性風
160,見えない翼,ドレス,3,,S,S,,B,,S,,,S,中性風
162,雲煙,ドレス,2,,B,S,,,C,S,,,S,ボヘミアン
163,夢薔薇,ドレス,3,,B,SS,,C,,S,,,S,ボヘミアン
165,バニーガール,ドレス,4,,A,A,,B,,S,,,SS,バニー
166,スターリーナイト,ドレス,5,A,,,A,,A,,A,,S,お嬢様 ロリータ
167,冬眠,ドレス,4,,A,,S,,A,,A,S,,冬服 モダンチャイナ
169,ケーキランド,ドレス,4,A,,,S,,S,,A,,A,エプロン
170,メカニカルレッド,ドレス,4,SS,,A,,,B,,B,S,,中世ヨーロッパ風
171,キャンディチェック,ドレス,3,,S,,A,,A,,S,,A,ロリータ
172,シュークリームガール,ドレス,3,S,,,B,,S,,A,A,,ロリータ
173,星占い師,ドレス,5,SS,,B,,,S,S,,A,,メルヘン
174,金の葉,ドレス,4,S,,S,,A,,S,,,S,フォーマル
176,カルファ荘園,ドレス,4,B,,SS,,S,,B,,SS,,
177,クラシカルゴールド,ドレス,4,S,,S,,S,,A,,A,,中世ヨーロッパ風
178,西域の宝,ドレス,5,S,,S,,S,,B,,S,,
179,ニキのダンス,ドレス,3,,B,A,,B,,B,,C,,中世ヨーロッパ風
180,ニキの舞踏会,ドレス,4,A,,S,,S,,A,,S,,中世ヨーロッパ風
181,ナール,ドレス,4,,S,SS,,A,,B,,S,,中世ヨーロッパ風
183,モノトーンフラワー,ドレス,4,S,,S,,A,,S,,A,,中世ヨーロッパ風
184,優美,ドレス,4,S,,S,,A,,,A,S,,中世ヨーロッパ風
185,教官,ドレス,3,,A,S,,S,,,A,A,,
187,ライトスカイ,ドレス,3,,A,S,,,A,,S,A,,UV対策 デニム
188,ペールスカイ,ドレス,4,S,,,S,,S,,S,B,,UV対策
189,茶会,ドレス,3,S,,C,,,S,,S,,S,メルヘン
192,ダブルベリー,ドレス,3,,A,A,,,S,,A,,A,
194,レーシーダスト,ドレス,3,,A,,S,,A,,A,,A,
195,初デート,ドレス,3,,S,B,,,S,C,,,S,
196,オペラハウス,ドレス,3,,S,S,,C,,S,,,B,
197,馳せる思い(青),ドレス,3,,SS,,B,,B,S,,,S,小花柄
198,馳せる思い(花),ドレス,3,S,,,B,,B,S,,,SS,小花柄
199,みぞれ,ドレス,2,,A,,C,,S,,A,,A,部屋着
200,花吹雪(桃),ドレス,2,,A,,A,,A,,A,,A,部屋着 小花柄
201,花吹雪(紫),ドレス,2,,A,,C,,A,,S,,A,部屋着 小花柄
203,占い師のクローゼット,ドレス,4,,S,SS,,,B,A,,S,,フォーマル 中世ヨーロッパ風
204,牧笛,ドレス,2,,S,,A,,A,,C,,A,ナイトウェア
206,仮面女王,ドレス,3,S,,,A,,A,A,,,A,
207,ミックスソフト,ドレス,3,,A,A,,A,,S,,,B,OL
209,マシュマロ,ドレス,3,,A,S,,,S,,A,A,,
210,紅の錦繍,ドレス,5,A,,C,,S,,A,,,A,
212,ワイナリーの夫人,ドレス,4,S,,A,,S,,S,,S,,
214,霧の中,ドレス,4,,S,,S,,B,S,,,S,
215,ナイチンゲール,ドレス,2,,A,A,,A,,C,,A,,学生風 UV対策
218,星明かり,ドレス,2,,A,C,,,A,,A,A,,
219,暗黒の彫像,ドレス,4,,S,S,,A,,,B,A,,フォーマル
220,モノトーンギャラクシー,ドレス,3,B,,,S,,S,A,,,S,
221,記憶の花,ドレス,3,,S,,S,,B,,B,,S,
222,古い写真,ドレス,3,,S,,A,,A,,S,,A,
223,デイジー,ドレス,3,,S,SS,,B,,C,,,S,小花柄
224,合唱団,ドレス,2,,A,,S,,A,C,,,A,
225,乙女心,ドレス,3,,S,S,,,A,,B,,S,小花柄
226,戦慄,ドレス,3,,S,A,,A,,A,,,A,
227,お母さん,ドレス,2,,A,,A,,B,,A,B,,UV対策
228,単語テスト,ドレス,2,,A,,A,,A,,A,,B,
229,春音,ドレス,3,,S,,S,,S,B,,,A,小花柄
230,私の哲学,ドレス,3,,S,,S,B,,,S,,B,小動物
232,さくらんぼの季節,ドレス,3,A,,,A,,A,,S,,A,小花柄
233,ポストカード,ドレス,2,,A,,A,,A,,A,,A,
234,マダム・バタフライ,ドレス,5,SS,,B,,,A,S,,,S,メルヘン
235,梨のスープ,ドレス,4,A,,,A,,SS,,B,,SS,
236,優等生,ドレス,3,,S,,S,,A,,B,,A,
237,少女シエル,ドレス,3,,A,,S,,S,A,,,A,
238,紅海,ドレス,3,,A,,A,,A,,C,,S,
239,白雪ウェイトレス,ドレス,4,S,,S,,,S,,A,,A,メイド
241,ガラスの薔薇,ドレス,4,A,,,S,,A,,S,,S,ロリータ
242,アフタヌーンティー(ドレス),ドレス,4,A,,A,,,S,,S,,S,ロリータ
243,闇夜のロリータ,ドレス,4,A,,S,,,S,,S,A,,ゴシック ロリータ
245,ルカのティーパーティー,ドレス,4,A,,S,,,S,,A,A,,ロリータ
246,野に咲く花,ドレス,3,S,,S,,C,,,S,,S,ボヘミアン
247,紅の霞,ドレス,4,S,,S,,,A,,A,S,,ロリータ
248,霧雨の夜,ドレス,4,S,,S,,,S,,S,A,,ロリータ
249,ウィンター・エンジェル,ドレス,5,,S,B,,,S,,A,A,,
251,ピンク・エンジェル,ドレス,4,S,,S,,,A,,A,S,,
253,フェアリー,ドレス,5,A,,,A,,A,,A,,A,
254,花霞の奇跡,ドレス,4,B,,SS,,,B,,S,,A,
256,貴公子(ドレス),ドレス,4,,S,A,,B,,,S,B,,中性風
259,ヴィーナスの舞,ドレス,4,,S,S,,S,,S,,,S,フォーマル
260,雲上帝国の少女,ドレス,2,,C,A,,A,,,A,,B,クラシックチャイナ
261,豪華なバスタオル,ドレス,3,,A,,B,,A,S,,,S,バスタイム
262,シーブルー,ドレス,3,,B,,A,,S,,A,,S,水着
263,スク水,ドレス,3,,B,,A,,S,,A,,S,水着
264,水遊び,ドレス,4,,A,S,,A,,,S,,A,水着 モダンチャイナ
265,モノクローム,ドレス,2,,A,A,,A,,A,,,A,
266,紅絹,ドレス,2,,A,A,,A,,,A,A,,クラシックチャイナ
267,木蘭,ドレス,2,,A,A,,B,,,A,B,,クラシックチャイナ
268,黄色い蕾,ドレス,2,,A,B,,,B,,S,S,,クラシックチャイナ
269,湯呑茶碗,ドレス,2,,A,A,,B,,,A,A,,クラシックチャイナ
270,相思,ドレス,3,,S,S,,,B,,S,A,,クラシックチャイナ
271,白雲,ドレス,3,,S,C,,S,,,S,S,,クラシックチャイナ
272,茶香,ドレス,3,,S,B,,S,,,S,B,,クラシックチャイナ
273,品茶,ドレス,3,,B,S,,,C,,S,S,,クラシックチャイナ
274,香炉,ドレス,3,,S,S,,,B,,A,S,,クラシックチャイナ
275,密雲,ドレス,3,,S,S,,,C,,S,A,,クラシックチャイナ
276,灯火,ドレス,3,,B,A,,S,,,A,S,,クラシックチャイナ
277,艶美,ドレス,3,,A,A,,,A,,S,S,,クラシックチャイナ
278,月影(ドレス),ドレス,4,B,,S,,S,,,S,S,,クラシックチャイナ
279,蘭雲,ドレス,4,C,,S,,S,,,S,S,,クラシックチャイナ
280,紅影,ドレス,4,S,,S,,S,,,B,S,,クラシックチャイナ
281,清風,ドレス,4,B,,SS,,S,,,S,B,,クラシックチャイナ
282,チャイナドレスミニ(白),ドレス,3,,S,S,,S,,B,,,S,レトロチャイナ チャイナドレス
283,チャイナドレスミニ(緑),ドレス,3,,A,A,,A,,B,,,S,レトロチャイナ チャイナドレス
284,チャイナドレスミニ(花柄),ドレス,3,,S,S,,S,,C,,,S,レトロチャイナ チャイナドレス
285,チャイナドレスミニ(紫),ドレス,3,,S,A,,A,,A,,,A,レトロチャイナ チャイナドレス
286,チャイナドレスロング(白),ドレス,3,,A,A,,A,,S,,,S,レトロチャイナ チャイナドレス
287,チャイナドレスロング(青),ドレス,3,,S,A,,A,,A,,,S,レトロチャイナ チャイナドレス
288,チャイナドレスロング(花柄),ドレス,3,,B,S,,S,,B,,,S,レトロチャイナ チャイナドレス
289,チャイナドレスロング(紺),ドレス,3,,C,S,,S,,S,,,S,レトロチャイナ チャイナドレス
291,チャイナドレス袖なし(紅),ドレス,4,,B,S,,S,,B,,,SS,レトロチャイナ チャイナドレス
292,チャイナドレス袖なし(紫),ドレス,4,,B,S,,S,,S,,,S,レトロチャイナ チャイナドレス
293,チャイナドレス袖なし(緑),ドレス,4,,S,B,,SS,,B,,,SS,レトロチャイナ チャイナドレス
294,チャイナドレス袖なし(花柄),ドレス,4,,S,S,,,A,A,,,S,レトロチャイナ チャイナドレス
295,杏の葉,ドレス,3,B,,S,,B,,,S,S,,クラシックチャイナ
296,高麗鶯,ドレス,3,,S,S,,B,,,S,S,,クラシックチャイナ
297,桑摘み,ドレス,3,,S,B,,B,,,S,S,,クラシックチャイナ
298,セレナーデ,ドレス,4,,A,A,,S,,A,,,S,
299,ひらめき,ドレス,3,B,,S,,S,,B,,,S,
300,星燦然,ドレス,4,,B,SS,,S,,B,,,S,ダンサー
301,満月祝い,ドレス,2,,S,A,,S,,C,,,A,ダンサー
302,ほのかな香り,ドレス,2,,A,A,,A,,,A,,A,
303,ヒョウ柄の誘惑(金),ドレス,3,,S,B,,S,,S,,,B,
304,ヒョウ柄の誘惑(銀),ドレス,3,,S,B,,S,,S,,,C,
305,白磁,ドレス,5,S,,S,,,S,,S,,S,
306,上海横町,ドレス,4,,B,SS,,B,,S,,,S,レトロチャイナ チャイナドレス
307,牡丹吟,ドレス,3,,S,S,,B,,B,,,S,レトロチャイナ チャイナドレス
308,R-牡丹吟,ドレス,4,,A,SS,,A,,B,,,SS,レトロチャイナ チャイナドレス
309,水辺にて,ドレス,2,,S,A,,C,,,A,,S,レトロチャイナ チャイナドレス
310,ロイヤルブルー,ドレス,3,,A,B,,A,,S,,S,,
314,セレブワンピ(茶),ドレス,3,,S,S,,A,,,S,A,,英国風
315,セレブワンピ(白),ドレス,3,,A,S,,B,,,S,A,,英国風
316,黄金の菊(金魚),ドレス,3,B,,SS,,B,,,S,B,,和風
317,黄金の菊(アイボリー),ドレス,3,B,,S,,B,,,S,S,,和風
318,黄金の菊(落花),ドレス,3,B,,B,,S,,,S,S,,和風
319,春の翠,ドレス,3,A,,A,,S,,,A,S,,和風
320,春の空,ドレス,3,A,,A,,S,,,A,A,,和風
321,春の暁,ドレス,3,A,,C,,S,,,S,S,,和風
322,翠竹(緑),ドレス,5,S,,,S,,S,S,,,B,和風
323,翠竹(桃),ドレス,5,S,,,S,,S,SS,,,B,和風
324,翠竹(薄黄),ドレス,5,S,,,A,,SS,SS,,,B,和風
325,面影の宝石(紫),ドレス,4,S,,S,,B,,,B,S,,和風
326,面影の宝石(黄),ドレス,4,A,,S,,A,,,S,S,,和風
327,面影の宝石(黒),ドレス,4,S,,S,,S,,,A,S,,和風
328,普通の浴衣,ドレス,3,,SS,,B,,B,,B,,SS,和風
330,白のハイネックワンピ,ドレス,2,,S,S,,C,,C,,,S,
331,ニキ・ワンピース,ドレス,4,B,,,S,,S,B,,,S,
337,氷の薔薇(ドレス),ドレス,5,S,,S,,A,,S,,A,,
338,遊園地に行こう！,ドレス,5,S,,,A,,S,A,,,A,
339,小学生の夢,ドレス,5,B,,,A,,A,,A,,B,
340,マーサの制服(青),ドレス,4,,S,SS,,S,,,A,A,,英国風
341,マーサの制服(チェック),ドレス,4,,A,S,,S,,,SS,A,,英国風
342,ブラックスワン,ドレス,6,S,,SS,,A,,SS,,,A,ダンサー
343,ホワイトスワン,ドレス,5,A,,S,,,A,,SS,,B,ダンサー
347,マーサの制服(赤),ドレス,3,,A,S,,,B,,SS,A,,英国風
348,マーサの制服(緑),ドレス,3,,B,S,,,B,,S,A,,英国風
349,制服スカート,ドレス,3,,B,S,,A,,,S,B,,英国風
350,体育の授業,ドレス,3,,B,,S,,A,,S,,A,英国風
351,シルクのネグリジェ(白),ドレス,3,,B,,A,,A,,S,,S,ナイトウェア
352,シルクのネグリジェ(桃),ドレス,3,,A,,B,,S,,A,,S,ナイトウェア
353,シルクのネグリジェ(青),ドレス,3,,A,,B,,A,,S,,S,ナイトウェア
354,シルクのネグリジェ(黒),ドレス,3,,B,,A,B,,S,,,S,ナイトウェア
355,水辺に映る月,ドレス,5,A,,SS,,S,,S,,,S,モダンチャイナ フォーマル
356,夢影(銀),ドレス,4,,B,S,,A,,,SS,,S,フォーマル
357,夢影(紫),ドレス,4,,A,S,,B,,SS,,,B,フォーマル
358,夢影(赤),ドレス,4,,A,,S,B,,,SS,,A,フォーマル
363,ヤングプリンセス(桃),ドレス,3,A,,,A,,S,,S,,B,ダンサー
364,ヤングプリンセス(緑),ドレス,3,A,,,B,,S,,S,,A,ダンサー
365,ヤングプリンセス(青),ドレス,3,A,,B,,,S,,S,,A,ダンサー
366,ヤングプリンセス(紫),ドレス,3,B,,S,,,S,,B,,A,ダンサー
369,旅人(青),ドレス,3,,A,,S,,A,,S,,B,ネイビー
370,旅人(灰),ドレス,3,,A,,S,,A,,S,,B,ネイビー
371,小さな帆船,ドレス,2,,B,,B,,S,,S,,B,ネイビー
372,マリン少女(白),ドレス,4,,A,,SS,,A,,S,,A,ネイビー スポーティ
373,マリン少女(灰),ドレス,4,,A,,S,,A,,S,,B,ネイビー
374,少女の悩み事(青),ドレス,3,,Ｓ,,SS,,B,,B,,A,デニム
375,少女の悩み事-花,ドレス,3,,A,,S,,S,,B,,B,小花柄
376,少女の悩み事-雛菊,ドレス,3,,B,,S,,A,,S,,A,小花柄
377,邂逅,ドレス,3,,A,S,,,B,,S,,A,クラシックチャイナ
378,涙の雫,ドレス,3,,B,S,,A,,,SS,,B,クラシックチャイナ
379,花の雨,ドレス,3,,B,S,,A,,,S,,B,クラシックチャイナ
380,夕暮れ月,ドレス,3,,B,S,,,A,,S,,B,クラシックチャイナ
381,多情の波,ドレス,4,A,,A,,,SS,,S,,B,クラシックチャイナ
382,海上の鶴,ドレス,4,S,,SS,,S,,,B,,A,クラシックチャイナ
383,黄金の城,ドレス,4,B,,SS,,S,,,A,,A,クラシックチャイナ
384,紅葉の跡,ドレス,3,A,,S,,,S,,A,,B,クラシックチャイナ
385,龍の鳴声,ドレス,3,B,,S,,S,,,A,,A,クラシックチャイナ
386,氷雪の薄絹,ドレス,3,A,,S,,S,,,A,,B,クラシックチャイナ
387,幻の玉壺,ドレス,4,SS,,A,,A,,,S,,A,クラシックチャイナ
388,お茶の香り,ドレス,4,S,,B,,,A,,SS,,A,クラシックチャイナ
389,百合の花,ドレス,4,S,,A,,,SS,,A,,B,クラシックチャイナ
390,青い百合,ドレス,3,A,,A,,,S,,B,B,,中世ヨーロッパ風
391,R-青い百合,ドレス,4,S,,S,,,S,,A,A,,中世ヨーロッパ風 フォーマル
392,墨蘭巻,ドレス,3,S,,S,,A,,,B,,A,モダンチャイナ フォーマル
393,祥雲の舞(赤),ドレス,4,,S,SS,,,A,,A,,A,モダンチャイナ
394,祥雲の舞(青),ドレス,4,,S,SS,,,A,,B,,A,モダンチャイナ
395,見上げる蛍,ドレス,5,SS,,A,,,A,,SS,,A,クラシックチャイナ
397,絶世の美女,ドレス,6,SS,,A,,A,,,SS,S,,クラシックチャイナ
398,絶世の美女(墨),ドレス,6,A,,SS,,S,,SS,,S,,クラシックチャイナ
399,墨絵の青花,ドレス,4,S,,SS,,A,,A,,,B,モダンチャイナ フォーマル
400,SR-森の小羊,ドレス,5,S,,SS,,,SS,,A,B,,森ガール 小動物
401,お散歩(黄),ドレス,4,,S,,SS,,B,,A,,B,スポーティ 小花柄
402,お散歩(桃),ドレス,4,,A,,S,,SS,,B,,A,スポーティ 小花柄
403,お散歩(黒),ドレス,4,,SS,,A,S,,A,,,A,スポーティ
404,お散歩(紫),ドレス,4,,S,,A,,A,,SS,,A,スポーティ 小花柄
406,レーヌエルク,ドレス,5,SS,,A,,SS,,S,,,A,中世ヨーロッパ風 女神
407,ミス・アンナ,ドレス,2,,S,S,,,B,,B,B,,中世ヨーロッパ風
408,R-ミス・アンナ,ドレス,3,B,,S,,,S,,B,A,,中世ヨーロッパ風
409,SR-ミス・アンナ,ドレス,4,A,,S,,SS,,A,,A,,中世ヨーロッパ風
410,百花,ドレス,3,B,,S,,A,,,S,B,,クラシックチャイナ
411,R-百花,ドレス,4,S,,S,,A,,,A,A,,クラシックチャイナ
412,SR-百花,ドレス,5,SS,,SS,,S,,,B,A,,クラシックチャイナ
413,山の春,ドレス,4,,S,S,,,A,,A,,A,クラシックチャイナ
414,R-山の春,ドレス,5,A,,S,,,S,,SS,,A,クラシックチャイナ
415,光のフェアリー,ドレス,3,,S,B,,A,,,SS,,B,中世ヨーロッパ風 女神
416,R-光のフェアリー,ドレス,4,A,,A,,S,,,SS,,B,中世ヨーロッパ風 女神
417,SR-光のフェアリー,ドレス,5,S,,A,,A,,,SS,,A,中世ヨーロッパ風 女神
418,SR-闇のフェアリー,ドレス,5,SS,,S,,A,,SS,,,A,中世ヨーロッパ風 女神
419,ホルターネック,ドレス,4,A,,,B,,SS,A,,SS,,冬服
420,R-ホルターネック,ドレス,5,A,,,A,,SS,A,,S,,冬服
428,ナイスサマー,ドレス,3,,S,S,,,B,,A,,B,
429,淡い恋の願い事,ドレス,4,,B,SS,,,S,,A,,A,クラシックチャイナ
430,織姫の衣,ドレス,5,SS,,SS,,A,,,A,,A,クラシックチャイナ
432,黒ドレスの令嬢,ドレス,3,B,,S,,B,,S,,,A,ゴシック
433,R-黒ドレスの令嬢,ドレス,4,A,,SS,,A,,S,,,B,ゴシック
434,SR-黒ドレスの令嬢,ドレス,5,SS,,SS,,A,,A,,,A,ゴシック フォーマル
435,森の小羊,ドレス,3,,S,B,,,B,,SS,B,,冬服 森ガール
436,R-森の小羊,ドレス,4,,A,SS,,,A,,S,A,,冬服 森ガール
439,さざ波,ドレス,3,,S,B,,,B,,S,,B,
445,紫檀,ドレス,3,,S,A,,B,,S,,,B,
451,千鳥格子,ドレス,3,,A,,S,,S,B,,,A,
456,秋風,ドレス,3,,S,S,,A,,,B,,B,
460,小枝,ドレス,4,A,,S,,,A,,SS,,A,チャイナドレス モダンチャイナ
473,青りんごソーダー,ドレス,3,,S,A,,A,,,B,,A,
474,モノクロ抽象画,ドレス,3,,A,S,,S,,,B,,B,
475,コンサバワンピース,ドレス,3,,S,S,,A,,,A,,B,
476,図書館少女,ドレス,3,,S,S,,B,,,A,,A,
477,近所の少女,ドレス,3,,B,S,,A,,,S,,A,
478,女子高生,ドレス,3,,A,S,,S,,,B,,B,
479,キャンディドール,ドレス,3,,A,B,,,S,,S,,A,ロリータ
480,R-キャンディドール,ドレス,4,A,,A,,,SS,,SS,,B,ロリータ
481,SR-キャンディドール,ドレス,5,SS,,A,,,SS,,A,,S,ロリータ
482,祈りの音,ドレス,3,,S,SS,,B,,,A,,B,
483,R-祈りの音,ドレス,4,,S,SS,,S,,,B,B,,
484,SR-祈りの音,ドレス,5,,SS,S,,S,,,A,A,,
485,未来の時空,ドレス,4,A,,,S,,S,A,,,A,近未来
486,未来の時空(ローズ),ドレス,4,B,,,S,,A,SS,,,A,近未来
487,メープルリーフ(赤),ドレス,4,,A,S,,SS,,,B,A,,冬服
488,メープルリーフ(青),ドレス,4,,S,SS,,A,,,B,A,,冬服
489,刺客の信念,ドレス,4,B,,,S,A,,SS,,,A,ワル 中世ヨーロッパ風
490,R-刺客の信念,ドレス,5,S,,,SS,A,,SS,,,A,ワル 中世ヨーロッパ風
491,刺客の信念-美酒,ドレス,5,SS,,,A,A,,SS,,,A,ワル 中世ヨーロッパ風
492,ダークリーパー,ドレス,5,SS,,A,,SS,,A,,A,,中世ヨーロッパ風
493,ダークリーパー-昼,ドレス,5,S,,SS,,A,,A,,A,,中世ヨーロッパ風
494,ダークリーパー-夜,ドレス,5,S,,SS,,S,,A,,S,,中世ヨーロッパ風
495,ホーリーエンジェル,ドレス,5,SS,,SS,,A,,A,,A,,中世ヨーロッパ風
496,田園の真珠(赤),ドレス,4,A,,,S,,SS,,A,A,,中世ヨーロッパ風
497,田園の真珠(緑),ドレス,4,A,,,SS,,B,,S,A,,中世ヨーロッパ風
498,田園の真珠(青),ドレス,4,A,,,S,,S,,A,A,,中世ヨーロッパ風
499,エレガントロング(ベージュ),ドレス,3,,S,S,,B,,,B,,A,
500,エレガントロング(桃),ドレス,3,,S,S,,A,,,A,,B,
501,エレガントロング(青),ドレス,3,,S,S,,A,,,B,,A,
502,エレガントロング(紺),ドレス,3,,S,S,,A,,,B,,B,
503,ライトフェザー(灰),ドレス,4,,A,B,,SS,,S,,,A,
504,ライトフェザー(桃),ドレス,4,,A,A,,SS,,S,,,A,
505,ライトフェザー(緑),ドレス,4,,A,A,,S,,S,,,A,
506,ライトフェザー(紺),ドレス,4,,B,B,,S,,SS,,,S,
507,罪の花(白),ドレス,4,,A,SS,,S,,,A,A,,
508,罪の花(青),ドレス,4,,A,SS,,S,,,A,A,,
509,罪の花(赤),ドレス,4,,A,SS,,SS,,,A,B,,
511,月光,ドレス,3,,S,S,,A,,B,,,B,
514,エルクの妖精,ドレス,2,B,,,B,,S,,S,B,,森ガール
515,R-エルクの妖精,ドレス,3,B,,,A,,S,,S,A,,森ガール
516,SR-エルクの妖精,ドレス,4,SS,,,A,,B,,S,A,,森ガール
517,ナイトソウル,ドレス,5,S,,S,,A,,SS,,A,,中世ヨーロッパ風
518,大地のトーテム,ドレス,4,B,,,B,,SS,,SS,A,,エスニック
519,空のトーテム,ドレス,4,A,,,A,,S,,SS,A,,エスニック
520,アカデミックドレス,ドレス,4,,SS,,A,,S,,A,A,,学生風
521,SR-仮面舞踏会,ドレス,4,S,,S,,,A,,A,A,,中世ヨーロッパ風
522,仮面舞踏会(夢),ドレス,4,SS,,S,,A,,A,,B,,中世ヨーロッパ風
523,R-仮面舞踏会,ドレス,3,B,,,S,,S,,A,A,,中世ヨーロッパ風
524,仮面舞踏会(ドレス),ドレス,2,,B,,S,,S,,B,B,,中世ヨーロッパ風
525,ホルターネックワンピ(黒),ドレス,3,B,,A,,S,,S,,A,,
526,ホルターネックワンピ(赤),ドレス,3,B,,S,,S,,A,,A,,
527,黒のラビリンス,ドレス,3,A,,S,,S,,B,,A,,
528,灰色のラビリンス,ドレス,3,B,,S,,S,,A,,B,,
529,青色のラビリンス,ドレス,3,A,,S,,S,,A,,B,,
533,月宮のうさぎ-満月,ドレス,4,A,,,S,,A,,SS,B,,クラシックチャイナ
534,月宮のうさぎ-新月,ドレス,4,S,,SS,,,A,A,,A,,クラシックチャイナ
535,縁結びの刺繍,ドレス,5,SS,,SS,,A,,A,,A,,ウェディング クラシックチャイナ
536,藤花の誓い,ドレス,4,SS,,S,,,A,,A,A,,ウェディング
537,幼き恋,ドレス,5,S,,,S,,SS,,A,A,,ウェディング ロリータ
538,ピンクシフォン,ドレス,3,B,,S,,,S,,A,B,,
539,恋のシフォン,ドレス,3,A,,A,,,S,,S,A,,
540,カフェシフォン,ドレス,3,B,,,S,,S,,A,B,,
541,真白き精霊,ドレス,5,B,,A,,SS,,S,,A,,
544,月宮のうさぎ,ドレス,4,B,,,SS,,S,,A,A,,クラシックチャイナ
549,花のワルツ(549),ドレス,5,SS,,A,,,S,A,,,A,中世ヨーロッパ風
551,ツンデレ,ドレス,4,,S,SS,,,A,,A,A,,
552,夏のデイジー,ドレス,3,,B,,A,,S,,S,,B,
553,シースルーワンピ(黒),ドレス,3,,S,A,,A,,,S,,B,
554,シースルーワンピ(白),ドレス,3,,S,S,,B,,,A,,A,
555,シースルーワンピ(紫),ドレス,3,,S,A,,S,,A,,,B,
557,ジャスミンの芳香,ドレス,5,A,,SS,,A,,SS,,,B,フォーマル
561,蝶の舞う詩,ドレス,4,,A,S,,,SS,,A,B,,
562,響きあう心,ドレス,3,,A,S,,S,,,A,B,,
563,R-響きあう心,ドレス,4,B,,S,,SS,,,A,A,,
564,SR-響きあう心,ドレス,5,SS,,SS,,A,,,A,S,,
565,レクイエム,ドレス,3,,S,A,,S,,A,,,A,
566,R-レクイエム,ドレス,4,A,,SS,,S,,,A,,B,
567,SR-レクイエム,ドレス,5,SS,,A,,S,,SS,,,A,
568,清きアリア,ドレス,5,SS,,SS,,S,,,A,,A,
570,ポポのワンピース,ドレス,4,A,,,A,,S,,SS,,B,
571,芙蓉の歌,ドレス,4,A,,S,,A,,,SS,,B,クラシックチャイナ
572,ルネサンス,ドレス,4,A,,SS,,SS,,B,,A,,中世ヨーロッパ風
573,R-ルネサンス,ドレス,5,SS,,SS,,B,,S,,A,,中世ヨーロッパ風
574,ルネサンス(濃緑),ドレス,5,A,,B,,SS,,SS,,A,,中世ヨーロッパ風
575,ルネサンス(青紫),ドレス,5,A,,S,,SS,,S,,A,,中世ヨーロッパ風
576,クランベリーの蝶,ドレス,3,A,,,B,,S,,S,,B,
577,ヤニラ海賊,ドレス,5,S,,A,,S,,SS,,,A,ワル
578,チョコレート物語,ドレス,4,A,,SS,,S,,,A,A,,学生風
579,ショコラ物語(茶),ドレス,4,A,,S,,,B,,SS,A,,学生風
584,極上牡丹,ドレス,5,SS,,SS,,A,,,A,A,,クラシックチャイナ
585,九天帝女,ドレス,5,A,,SS,,SS,,A,,A,,クラシックチャイナ
586,軽やかに舞う蝶,ドレス,3,,S,B,,,A,,S,,A,
587,R-軽やかに舞う蝶,ドレス,4,A,,A,,,S,,SS,,B,
588,SR-軽やかに舞う蝶,ドレス,5,SS,,SS,,S,,A,,,A,
589,軽やかに舞う蝶(紫),ドレス,5,SS,,SS,,A,,A,,,S,
590,流転の蝶(桃)(ドレス),ドレス,5,SS,,SS,,,A,,S,,A,
591,いちご摘み,ドレス,3,,S,,B,,A,,S,,A,森ガール
592,R-いちご摘み,ドレス,4,A,,A,,,S,,SS,,B,森ガール
593,SR-いちご摘み,ドレス,5,SS,,S,,,SS,,A,,S,森ガール
594,いちご摘み(ミント),ドレス,5,A,,SS,,,A,,SS,,A,森ガール
595,いちご摘み(ラベンダー),ドレス,5,A,,SS,,,A,,SS,,A,森ガール
596,花と蔓,ドレス,5,SS,,A,,A,,S,,,A,
597,青花蝶,ドレス,3,B,,S,,A,,,S,,B,モダンチャイナ
599,移ろい,ドレス,3,B,,S,,S,,,B,,A,
602,素直,ドレス,4,B,,SS,,SS,,B,,A,,モダンチャイナ
604,女剣士,ドレス,4,B,,A,,S,,SS,,A,,ワル 中世ヨーロッパ風
605,恋愛の法則-ワンピース,ドレス,4,B,,,A,,SS,,SS,,B,
608,黄金糸の輝き,ドレス,5,SS,,SS,,A,,,S,,A,女神
609,自由な空の歌,ドレス,3,,A,S,,B,,,S,,A,
610,R-自由な空の歌,ドレス,4,B,,SS,,A,,,S,,A,
611,SR-自由な空の歌,ドレス,5,SS,,S,,A,,,S,,S,
612,狂おしい愛の歌,ドレス,5,S,,SS,,S,,A,,,S,
613,春の乙女,ドレス,2,,B,A,,,S,,A,,B,
614,R-春の乙女,ドレス,3,B,,B,,,S,,SS,,B,
615,SR-春の乙女,ドレス,4,S,,SS,,,A,,A,,A,
616,雪の女王,ドレス,5,S,,SS,,S,,A,,,A,女神
617,失意,ドレス,5,B,,S,,A,,,SS,,B,
618,福の手,ドレス,5,A,,,SS,,S,,S,A,,小動物
621,モダン,ドレス,3,B,,S,,S,,,A,,B,
622,気品のデニム,ドレス,5,A,,A,,S,,SS,,S,,
623,三つ葉の愛情,ドレス,4,A,,,A,,SS,,S,,A,
624,白玉,ドレス,5,A,,,S,,SS,,S,,A,モダンチャイナ
625,スイーティ・プリンセス,ドレス,4,S,,S,,A,,B,,,A,中世ヨーロッパ風
626,R-スイーティ・プリンセス,ドレス,5,S,,SS,,A,,A,,,S,中世ヨーロッパ風
627,竹夜の歌,ドレス,5,A,,SS,,SS,,,A,A,,クラシックチャイナ
628,薔薇の棘,ドレス,4,SS,,SS,,B,,,A,,A,フォーマル
634,甘い囁き,ドレス,3,A,,,S,,S,,B,,A,
636,マリオネットの女王,ドレス,5,A,,A,,SS,,SS,,,A,メルヘン
637,グレース,ドレス,6,SS,,SS,,A,,A,,,S,メルヘン
638,グレース-奇跡,ドレス,6,S,,SS,,S,,,SS,,A,メルヘン
641,花月の遥,ドレス,5,SS,,S,,,A,,A,,S,クラシックチャイナ
643,女剣士(濃紫),ドレス,4,B,,S,,SS,,S,,,B,ワル 中世ヨーロッパ風
644,恋愛指南書-ワンピース,ドレス,4,B,,,S,,S,,A,,A,
646,富の葉,ドレス,3,B,,S,,,A,,S,,B,
648,睡蓮,ドレス,4,,B,S,,,A,,SS,,A,クラシックチャイナ
649,睡蓮の誓い,ドレス,5,SS,,A,,A,,,SS,,A,クラシックチャイナ
650,ハートの騎士,ドレス,5,SS,,SS,,,A,,A,,S,ワル メルヘン
651,鯉模様,ドレス,5,S,,SS,,A,,S,,A,,
653,結び,ドレス,5,S,,SS,,A,,A,,,A,ウェディング
654,睡蓮の誓い-夏,ドレス,5,SS,,SS,,,A,,A,,A,クラシックチャイナ
656,ニャンダフル,ドレス,4,A,,,A,,S,,S,,A,小動物
657,ニャンダフル(黒),ドレス,4,B,,,S,,S,,A,,A,小動物
658,ニャンダフル(黄),ドレス,4,B,,,SS,,SS,,B,,A,小動物
659,自由の花,ドレス,4,B,,SS,,SS,,A,,,A,
660,自由の花(白),ドレス,4,A,,S,,,A,,S,,A,
661,自由の花(赤),ドレス,4,B,,S,,,A,,SS,,A,
662,オルゴールの舞,ドレス,5,SS,,SS,,A,,B,,,S,ダンサー
663,ナイトローズ,ドレス,3,A,,S,,S,,,A,,B,
666,清かなる元熙,ドレス,5,S,,S,,A,,B,,B,,
668,ピュアシフォンドレス,ドレス,5,A,,C,,S,,A,,,A,
670,道化師とダイヤの仮面(ドレス),ドレス,5,SS,,S,,S,,S,,,A,中世ヨーロッパ風
671,森林の歌,ドレス,4,SS,,SS,,B,,A,,B,,中世ヨーロッパ風
672,青空の鷹,ドレス,4,A,,SS,,S,,A,,,B,エスニック
673,ベルトタイ,ドレス,3,A,,A,,S,,S,,B,,
674,流水の詩-トップス,ドレス,3,A,,S,,SS,,,A,,B,
675,ルインウォー,ドレス,5,S,,S,,S,,S,,,A,近未来
676,ルインウォー-ウイルス,ドレス,5,SS,,B,,S,,SS,,,A,近未来
678,少女浪漫譚,ドレス,3,,A,S,,,B,,B,,B,メルヘン
679,R-少女浪漫譚,ドレス,4,A,,S,,,SS,,B,,A,メルヘン
680,SR-少女浪漫譚,ドレス,5,S,,SS,,,S,,A,,S,メルヘン
681,少女浪漫譚-薔薇,ドレス,5,SS,,SS,,,A,,S,,A,メルヘン
682,少女浪漫譚-露,ドレス,5,A,,SS,,,A,,SS,,A,メルヘン
683,少女浪漫譚-夢,ドレス,5,A,,SS,,SS,,A,,,A,メルヘン
684,青桐の小屋,ドレス,3,,B,S,,S,,,B,,A,
685,風車の農園,ドレス,4,SS,,S,,A,,,B,,A,
686,珠玉,ドレス,3,,S,B,,B,,,S,,A,
687,珠玉のかけら,ドレス,4,A,,SS,,A,,,S,,B,
688,珠玉のしずく,ドレス,5,SS,,A,,A,,,SS,,A,
689,香りほのか,ドレス,5,A,,A,,SS,,SS,,,A,
690,暗黒星雲,ドレス,3,,S,A,,S,,B,,,A,
691,R-暗黒星雲,ドレス,4,A,,A,,SS,,SS,,,A,
692,SR-暗黒星雲,ドレス,5,A,,S,,SS,,SS,,,A,
693,暗黒星雲(黄),ドレス,5,S,,B,,SS,,SS,,,A,
694,まぼろし,ドレス,3,,S,S,,A,,A,,B,,
695,R-まぼろし,ドレス,4,A,,SS,,S,,A,,A,,
696,SR-まぼろし,ドレス,5,SS,,A,,SS,,A,,A,,
697,まぼろし-陽,ドレス,5,SS,,SS,,A,,,A,A,,
698,高音部記号,ドレス,4,,B,SS,,A,,,S,A,,学生風
699,空の声,ドレス,5,SS,,SS,,A,,,A,,A,
700,空の幻想曲,ドレス,5,SS,,SS,,A,,,A,,A,
701,アクアローズ,ドレス,5,S,,A,,,S,,SS,,A,
702,モノトーンシンフォニー,ドレス,5,SS,,SS,,A,,A,,,S,
705,青春シンフォニー,ドレス,5,B,,S,,B,,,S,,B,英国風
707,ピーヨの冒険,ドレス,5,,B,,A,,S,,S,,B,小動物 ロリータ
708,秋限定,ドレス,5,A,,S,,S,,A,,B,,英国風
715,ぬくぬくアルパカ,ドレス,4,B,,,A,,S,,S,A,,小動物 ロリータ
716,星影,ドレス,3,A,,S,,,A,,S,,B,
721,雲の微笑み,ドレス,5,S,,SS,,S,,,A,A,,中世ヨーロッパ風
722,スターアトラス,ドレス,5,SS,,SS,,A,,A,,A,,英国風
723,満天の星,ドレス,5,A,,,S,,SS,,S,,A,英国風
724,星摘みの書,ドレス,5,S,,,SS,,SS,,A,,A,
725,癒しのメロディー,ドレス,5,A,,SS,,SS,,,S,,S,クラシックチャイナ
727,愛しい人,ドレス,5,A,,SS,,A,,,SS,,A,クラシックチャイナ
728,縁結ぶ天灯,ドレス,5,A,,S,,A,,,SS,,A,クラシックチャイナ
729,雨の囁き,ドレス,5,S,,SS,,S,,,A,,A,中世ヨーロッパ風
730,風のさやめき,ドレス,5,SS,,SS,,A,,,A,,A,中世ヨーロッパ風
731,忘れ得ぬ想い出,ドレス,5,A,,,SS,,SS,,S,B,,冬服
732,未知の喜び,ドレス,5,B,,A,,,SS,,SS,A,,冬服
733,サプライズ,ドレス,5,A,,,SS,,SS,,A,B,,冬服
734,NR-001,ドレス,5,S,,A,,SS,,SS,,,A,
735,神鳥の衣,ドレス,5,SS,,SS,,S,,,A,A,,クラシックチャイナ
736,ぬくぬくアルパカ(青),ドレス,4,A,,,A,,SS,,S,B,,小動物 ロリータ
737,星影(赤),ドレス,3,B,,,S,,S,,B,,A,
738,星影(黒),ドレス,3,B,,S,,S,,B,,,A,
739,愛しい人(桃),ドレス,5,A,,,A,,SS,,SS,,A,
740,アリスのサバイバル,ドレス,4,B,,,A,,S,,SS,,A,メルヘン ロリータ
741,乙女と戦火,ドレス,5,A,,SS,,SS,,A,,,A,ワル
742,ミントドレス,ドレス,4,A,,,A,,S,,SS,A,,ロリータ
743,可憐な絵描き,ドレス,4,B,,,A,,SS,,SS,A,,学生風
744,可憐な絵描き-香り,ドレス,4,A,,SS,,B,,,SS,,A,学生風
745,可憐な絵描き-静か,ドレス,4,A,,SS,,SS,,,B,B,,学生風
746,煌めく星々,ドレス,4,A,,S,,A,,,SS,,A,ロリータ お嬢様
747,煌めく星々(桃),ドレス,4,A,,,A,,S,,S,A,,ロリータ お嬢様
748,煌めく星々(黄),ドレス,4,A,,,S,,SS,,B,,A,ロリータ お嬢様
749,煌めく星々(紺),ドレス,4,A,,S,,A,,,S,,A,ロリータ お嬢様
750,ブラックサロペット,ドレス,3,A,,,S,,S,,B,,A,
751,水彩,ドレス,3,A,,S,,S,,,A,,B,
752,水彩(青),ドレス,3,B,,SS,,B,,,S,,B,
753,幻影の羽,ドレス,3,,S,S,,,B,,A,,B,和風
754,R-幻影の羽,ドレス,4,B,,S,,S,,,S,,A,和風
755,SR-幻影の羽,ドレス,5,,S,SS,,S,,,A,,A,和風
756,幻影の羽-幻,ドレス,5,A,,SS,,A,,,SS,,A,和風
757,クーリエ制服,ドレス,3,,A,S,,,A,,S,,A,英国風
758,R-クーリエのユニフォーム,ドレス,4,A,,S,,,A,,S,,A,英国風
759,SR-クーリエユニフォーム,ドレス,5,SS,,SS,,,A,,A,A,,英国風
760,クーリエ制服-手紙,ドレス,5,SS,,,SS,,S,,A,A,,英国風
761,ミス・チェリー,ドレス,3,B,,,S,,S,,A,,B,小花柄
762,湧泉の魔術,ドレス,4,A,,S,,,B,,SS,,A,ボヘミアン
763,春の椿,ドレス,4,A,,,B,,SS,,SS,A,,クラシックチャイナ
764,ももこの制服,ドレス,5,S,,A,,SS,,SS,,A,,メディカル
765,小悪魔ナース,ドレス,5,B,,,S,,SS,,S,A,,メディカル
766,星の沈黙,ドレス,5,A,,SS,,SS,,A,,,A,エスニック
767,悪魔のドクター,ドレス,5,S,,SS,,SS,,A,,,B,メディカル
768,寒夜の九姫,ドレス,5,SS,,S,,A,,S,,A,,クラシックチャイナ
769,水鏡の花,ドレス,5,S,,S,,SS,,A,,,A,クラシックチャイナ
770,玄月の千蝠,ドレス,5,SS,,SS,,A,,B,,S,,クラシックチャイナ
771,カラフルノート,ドレス,3,A,,S,,,A,,S,,A,
775,スイングダンス,ドレス,3,,B,,S,,S,,B,,B,エスニック
776,R-スイングダンス,ドレス,4,,B,S,,,A,,SS,,A,エスニック
777,SR-スイングダンス,ドレス,5,SS,,SS,,B,,,A,S,,エスニック
778,リボンサンダル,ドレス,4,A,,B,,,S,,SS,,A,ロリータ
779,ルインの黒猫,ドレス,4,,B,,B,SS,,SS,,,A,近未来
780,夏空の下で,ドレス,5,A,,SS,,,A,,S,,A,小動物
781,カエルのミニスカート,ドレス,5,,A,,A,,SS,,SS,,A,小動物
782,波打つ衣,ドレス,5,SS,,SS,,S,,,A,,A,フォーマル
783,天空に舞う羽,ドレス,5,SS,,SS,,A,,A,,,S,女神
784,遠洋航海,ドレス,4,,A,,A,,S,,SS,,A,ネイビー
786,雲上の迷情,ドレス,4,B,,A,,SS,,S,,B,,フォーマル
787,千鳥の時,ドレス,4,A,,A,,,S,,SS,A,,英国風
788,雲の幻想,ドレス,3,,S,,B,,SS,,A,,A,ロリータ
789,R-雲の幻想,ドレス,4,S,,,B,,S,,SS,,A,ロリータ
790,SR-雲の幻想,ドレス,5,SS,,,A,,SS,,A,,A,ロリータ
791,雲の幻想-夢,ドレス,5,SS,,SS,,,A,,S,,A,ロリータ
792,青鸞の加護,ドレス,4,,B,SS,,A,,,SS,,B,クラシックチャイナ
793,月の鸞,ドレス,5,SS,,A,,A,,,SS,,A,クラシックチャイナ
796,羊飼いと羊,ドレス,5,SS,,B,,,A,,SS,,A,
797,サティロスの少女,ドレス,5,S,,A,,,A,,SS,,A,ロリータ エプロン
798,栄光と共に,ドレス,4,SS,,S,,A,,A,,B,,ミリタリー
799,純粋,ドレス,3,,A,S,,A,,,S,,B,
800,想いの花束,ドレス,4,A,,S,,A,,,SS,,B,
802,城主の童心,ドレス,4,,A,,B,,SS,,S,A,,小動物
803,城主の童心(桃),ドレス,4,,A,,A,,S,,S,A,,小動物
804,夢のアンジェリカ,ドレス,5,A,,,B,,SS,SS,,,S,近未来
805,アンジェリカの夢,ドレス,5,A,,,A,,SS,SS,,,A,近未来
806,空舞う制裁,ドレス,5,B,,,S,SS,,SS,,,S,近未来
807,戦士ルシア,ドレス,5,SS,,,SS,A,,B,,,S,近未来
813,ハロウィンダンス,ドレス,4,,A,,SS,,S,A,,,A,フォーマル
815,レースピンクの夢,ドレス,4,A,,A,,,SS,,S,,A,
816,花嫁の部屋,ドレス,5,SS,,SS,,A,,,A,,A,クラシックチャイナ ウェディング
817,誓いの日,ドレス,5,S,,S,,A,,,SS,,S,ウェディング
820,海(深索),ドレス,5,S,,S,,A,,,SS,B,,女神
821,海(奇遇),ドレス,5,A,,SS,,A,,,SS,A,,女神
827,白黒の謎,ドレス,5,A,,SS,,SS,,A,,A,,メルヘン 中世ヨーロッパ風
841,黒薔薇のドレス,ドレス,3,,A,S,,A,,S,,,A,フォーマル
844,鯉と清流,ドレス,5,A,,SS,,SS,,,S,A,,和風
845,鯉と清流(青),ドレス,5,B,,S,,,SS,,SS,S,,和風
846,鯉と清流(金),ドレス,5,A,,SS,,SS,,,A,S,,和風
847,幽夜の瑠璃,ドレス,3,,SS,S,,B,,B,,,A,
848,R-幽夜の瑠璃,ドレス,4,A,,S,,S,,A,,,A,
849,SR-幽夜の瑠璃,ドレス,5,SS,,A,,S,,SS,,A,,ゴシック
850,伝説の葵巫女-華,ドレス,5,A,,S,,SS,,S,,A,,和風
851,伝説の葵巫女,ドレス,5,SS,,S,,A,,A,,A,,和風
855,夢の調べ,ドレス,5,A,,,S,,SS,,A,A,,ロリータ メルヘン
856,暁光の祈り,ドレス,5,SS,,S,,S,,,S,A,,冬服
857,暁光の宴,ドレス,5,SS,,SS,,A,,,A,A,,冬服
859,舞う落ち葉,ドレス,4,B,,SS,,SS,,A,,B,,
865,薔薇の装飾,ドレス,4,A,,A,,,S,,SS,,A,小花柄
866,花のワルツ,ドレス,5,SS,,A,,A,,,SS,,A,フォーマル 小花柄
867,雪姫,ドレス,5,S,,SS,,SS,,A,,,A,和風
868,聖夜の星空(ドレス),ドレス,4,A,,,B,,SS,,SS,A,,
869,聖夜の星空(羽),ドレス,4,A,,,S,,S,,S,A,,
870,雀の舞い,ドレス,5,SS,,SS,,A,,S,,,A,クラシックチャイナ
871,鶴の夢,ドレス,5,SS,,A,,SS,,A,,,A,クラシックチャイナ
873,幻夜の女王,ドレス,5,A,,S,,S,,SS,,,A,メルヘン
874,永夜の独白,ドレス,5,SS,,SS,,A,,A,,,A,メルヘン
875,真実の夢,ドレス,5,SS,,A,,,A,,SS,,S,メルヘン
876,ソレイユ姫,ドレス,5,S,,A,,,SS,,SS,,S,メルヘン
877,サクラの作品,ドレス,5,SS,,,SS,,A,,A,,C,ロリータ
878,甘いおねがい,ドレス,5,SS,,,S,,A,,A,,A,ロリータ
884,甘い氷幻,ドレス,5,SS,,SS,,S,,,A,A,,メルヘン
885,聖夜の柊,ドレス,5,S,,,A,,SS,,SS,A,,メルヘン
894,遠洋座標,ドレス,4,S,,,S,,A,,A,,B,近未来
895,雪の寒梅,ドレス,3,B,,,S,,S,,B,,A,クラシックチャイナ
901,風の谷の伝説(ドレス),ドレス,5,S,,A,,S,,SS,,,S,エスニック
902,星物語,ドレス,5,S,,SS,,A,,A,,,A,エスニック
904,終曲の心,ドレス,5,S,,S,,SS,,SS,,A,,クラシックチャイナ
905,マジックドレス,ドレス,3,B,,,S,,S,B,,A,,
919,愛の天使,ドレス,4,,A,,B,,SS,,S,,A,メルヘン
920,恋慕旋律,ドレス,5,SS,,A,,A,,,SS,,A,
921,守り神,ドレス,5,A,,,A,,SS,,SS,,A,和風
922,不思議なお隣さん,ドレス,5,S,,,S,,B,,SS,,S,和風
923,烏天狗の山伏,ドレス,5,SS,,A,,A,,SS,,A,,和風
924,鉄羽の烏天狗,ドレス,5,S,,A,,S,,SS,,A,,和風
925,変身,ドレス,5,SS,,,SS,,A,,A,,A,和風
926,木の葉の力,ドレス,5,SS,,SS,,,A,,A,,S,和風
927,終宴,ドレス,5,SS,,S,,A,,SS,,A,,和風
928,酔狂人の歌,ドレス,5,SS,,A,,A,,SS,,,A,エスニック
931,紅葉の饗宴,ドレス,5,SS,,A,,SS,,A,,,S,エスニック
936,彼岸花の歌,ドレス,5,A,,S,,SS,,SS,,,A,エスニック
965,早咲き桜,ドレス,5,S,,SS,,S,,,S,,A,ウェディング 和風
966,愛しいあなたへ,ドレス,5,S,,A,,,A,,SS,,A,ウェディング 和風
969,黄薔薇のドレス,ドレス,5,SS,,SS,,S,,A,,,A,フォーマル
970,ボクのプリンセス,ドレス,5,SS,,SS,,A,,A,,,A,フォーマル
971,ミラクルナイト(ドレス),ドレス,5,SS,,A,,S,,A,,,S,
982,恋空の歌,ドレス,5,S,,A,,,SS,,SS,,A,ロリータ
984,永遠の白,ドレス,5,SS,,S,,A,,,SS,,A,ウェディング
985,夢の花嫁,ドレス,5,SS,,SS,,A,,,A,,A,ウェディング
986,内心の憧れ,ドレス,5,A,,S,,SS,,SS,,,A,ウェディング
987,桜姫の花衣,ドレス,5,S,,SS,,A,,,SS,,A,和風
988,千本桜,ドレス,5,A,,SS,,A,,,SS,,A,和風
989,桜餅ガール,ドレス,5,S,,,A,,SS,,SS,,A,
990,桜風の想い,ドレス,5,A,,A,,,SS,,SS,,A,ロリータ
992,夜のアリア,ドレス,5,S,,A,,SS,,SS,,,A,中世ヨーロッパ風
1002,星のメロディー,ドレス,5,SS,,S,,S,,A,,,A,
1004,消えない約束,ドレス,5,A,,SS,,SS,,,A,,A,学生風
1007,薄紫の気配,ドレス,4,A,,B,,,SS,,SS,,B,小花柄 UV対策
1012,魅惑的な話,ドレス,5,A,,,SS,,SS,A,,,S,ロック
1013,人気アイドル,ドレス,5,A,,,SS,,SS,A,,,A,ロック
1015,五月の風,ドレス,5,A,,SS,,,A,,S,,A,UV対策
1016,時を刻む歌,ドレス,5,A,,SS,,,A,,S,,A,
1017,可愛いお針子,ドレス,5,S,,B,,,SS,,A,,A,ロリータ
1019,真夏のお出かけ,ドレス,3,A,,S,,,B,,S,,A,クラシックチャイナ
1020,鯉文様の着物,ドレス,5,S,,S,,SS,,,A,A,,和風
1021,鯉文様の着物(青),ドレス,5,A,,A,,,SS,,SS,S,,和風
1022,鯉文様の着物(金),ドレス,5,A,,SS,,S,,,SS,A,,和風
1024,アップリケドレス,ドレス,5,B,,SS,,,A,,S,A,,
1025,優美なアイリス,ドレス,5,S,,A,,S,,A,,,A,フォーマル 中世ヨーロッパ風
1027,アップリケドレス-願,ドレス,5,A,,A,,,S,,S,B,,
1028,優美なアイリス-幽,ドレス,5,S,,A,,S,,A,,,A,フォーマル 中世ヨーロッパ風
1029,落月の歌,ドレス,5,S,,SS,,B,,,SS,,A,クラシックチャイナ
1030,落月の草花,ドレス,5,SS,,A,,A,,,SS,,A,クラシックチャイナ
1032,宇宙の海,ドレス,5,SS,,S,,S,,A,,,S,近未来
1033,金弦の歌声,ドレス,5,SS,,A,,,SS,,A,,A,メルヘン
1034,金弦の夢,ドレス,5,SS,,A,,,S,,A,,A,メルヘン
1035,葉語りの眠り,ドレス,5,S,,A,,,A,,SS,,A,メルヘン
1036,葉語りの歌,ドレス,5,SS,,,A,,B,,SS,,S,メルヘン
1037,浪漫の約束,ドレス,5,SS,,A,,A,,SS,,,A,女神 フォーマル
1038,情熱の花,ドレス,5,SS,,A,,SS,,A,,,S,女神 フォーマル
1039,水晶の森,ドレス,5,S,,SS,,A,,,A,,S,メルヘン
1040,儚世の雪,ドレス,5,S,,S,,S,,,SS,,A,メルヘン
1043,追風の少女,ドレス,5,A,,,S,,SS,,SS,,A,ロリータ
1044,邂逅の風,ドレス,5,S,,,S,,A,,S,,A,ロリータ
1045,邯鄲の夢,ドレス,5,S,,SS,,A,,,SS,,A,クラシックチャイナ
1046,永望の月,ドレス,5,SS,,SS,,A,,,S,,A,クラシックチャイナ
1047,燕帰の綺羅音,ドレス,5,S,,S,,A,,,SS,,A,クラシックチャイナ
1048,扇の菜摘曲,ドレス,5,SS,,S,,S,,,A,,A,クラシックチャイナ
1065,ドロシーの制裁,ドレス,5,SS,,,SS,A,,A,,,A,ミリタリー
1066,クライムファイター,ドレス,5,SS,,,SS,,B,,S,,S,ミリタリー
1067,真夜中の常習犯,ドレス,5,A,,S,,SS,,S,,,A,
1082,可愛いレッサーパンダ,ドレス,3,A,,,S,,S,,B,,B,
1083,晴天のレッサーパンダ,ドレス,3,A,,,A,,S,,S,,B,
1084,時空のアリス,ドレス,5,SS,,S,,A,,,S,,S,ロリータ
1085,契約のトランプ,ドレス,5,A,,SS,,,SS,,S,,S,ロリータ
1086,海辺の旅,ドレス,4,A,,A,,,SS,,S,,A,POP
1089,霊寒歌,ドレス,5,S,,,SS,,S,,A,A,,
1090,玄霊謡,ドレス,5,SS,,,SS,,A,,A,A,,
1091,金魚鉢の幸せ,ドレス,5,A,,S,,SS,,A,,,S,和風
1092,少女と夏の幻想,ドレス,5,A,,,SS,,S,,SS,,A,和風
1093,金魚と夏の幻想,ドレス,5,S,,,SS,,A,,SS,,A,和風
1094,星空柄の浴衣,ドレス,5,A,,SS,,,A,,SS,,A,和風
1095,星降る夏の日,ドレス,5,A,,SS,,,A,,SS,,B,
1096,和菓子屋台の少女,ドレス,5,A,,,SS,,SS,,A,,A,和風
1098,金魚の救い,ドレス,5,A,,S,,SS,,A,,,S,和風
1099,めろめろマイメロディ,ドレス,5,A,,,SS,,A,,SS,,A,ロリータ
1100,ふわふわピアノちゃん,ドレス,5,SS,,,A,,S,,S,,A,ロリータ
1132,人間の溜息,ドレス,5,S,,S,,SS,,B,,S,,和風
1139,極限への挑戦,ドレス,5,S,,A,,S,,SS,,,S,
1140,烈火の軌跡,ドレス,5,A,,A,,SS,,SS,,,A,
1141,静寂の星,ドレス,5,SS,,A,,,S,,SS,,A,
1142,幻藍の音,ドレス,5,SS,,,SS,,S,,A,,A,近未来
1145,可愛い助手,ドレス,5,S,,,SS,,S,,A,,A,和風
1146,おやつタイム,ドレス,5,S,,,SS,,A,,S,,A,和風
1147,最期の確認,ドレス,5,A,,A,,SS,,SS,,A,,
1148,時代の流れ,ドレス,6,A,,,S,,SS,,SS,S,,和風
1149,ハイカラなお嬢さん,ドレス,6,A,,,S,,SS,,SS,S,,和風
1150,縦縞の着物,ドレス,5,A,,SS,,,A,,S,S,,和風
1151,小説家と猫,ドレス,5,S,,,S,,A,,SS,A,,和風
1153,桜のキャンディー,ドレス,5,A,,,S,,SS,,S,,S,ロリータ
1154,終わらぬお茶会(ドレス),ドレス,5,SS,,,SS,,S,,A,,A,ロリータ
1168,伯爵のタキシード,ドレス,5,SS,,S,,A,,,A,A,,メルヘン
1169,雪上の葉,ドレス,5,A,,SS,,,A,,SS,,A,
1170,旅夢の歌,ドレス,4,SS,,A,,,A,,SS,,A,
1171,カデンツァ,ドレス,5,A,,,S,,S,,S,,S,近未来
1172,星雲のこだま,ドレス,5,A,,,A,,S,,SS,,S,近未来
1173,超次元共鳴,ドレス,5,A,,A,,S,,SS,,,A,近未来
1174,宇宙の声,ドレス,5,S,,S,,SS,,A,,,S,近未来
1180,終わりなき物語,ドレス,5,A,,S,,SS,,S,,A,,中世ヨーロッパ風 フォーマル
1181,マダム・バタフライ(1181),ドレス,5,S,,A,,SS,,A,,S,,中世ヨーロッパ風 フォーマル
1182,オフィーリア,ドレス,5,SS,,SS,,A,,A,,A,,中世ヨーロッパ風 フォーマル
1192,佇む沈黙,ドレス,5,A,,SS,,SS,,A,,,A,
1201,味覚の秋,ドレス,5,A,,,A,,SS,,SS,,S,
1203,月下の悪魔,ドレス,5,S,,A,,S,,SS,,A,,ゴシック
1217,華麗な毒,ドレス,5,B,,A,,SS,,SS,,,A,ゴシック
1218,トリビア,ドレス,5,A,,S,,SS,,SS,,,A,ゴシック
1219,永遠に続く幸せ,ドレス,5,A,,SS,,,SS,,A,,A,ロリータ
1220,輝く軌跡,ドレス,5,SS,,SS,,,A,,A,,A,ロリータ
1222,トナカイと流星,ドレス,5,A,,,A,,S,,S,A,,
1223,サプライズ(1223),ドレス,5,A,,,SS,,A,,S,A,,
1224,暁と日輪,ドレス,5,A,,SS,,SS,,A,,A,,和風
1225,牡丹と共に,ドレス,5,S,,A,,SS,,SS,,A,,和風
1226,宵と月魄,ドレス,5,A,,SS,,S,,,SS,A,,和風
1227,月光蝶,ドレス,5,SS,,SS,,S,,,A,A,,和風
1228,うちゅうりょこう,ドレス,5,A,,,A,,SS,,SS,,A,原宿系
1229,紅鶴の舞,ドレス,5,A,,SS,,,A,,SS,,A,ロリータ
1230,ドレス1230(仮),ドレス,5,A,,,A,,SS,,SS,A,,部屋着
1231,ドレス1231(仮),ドレス,5,S,,,SS,,SS,,A,A,,部屋着
1238,アクションスポーツ,ドレス,5,A,,,SS,A,,SS,,,A,スポーティ
1239,エクストリームスポーツ,ドレス,5,A,,,S,A,,SS,,,A,スポーティ
1240,グラフィティブーム,ドレス,5,A,,,SS,A,,SS,,,A,
1241,停電注意,ドレス,5,S,,,A,S,,S,,,S,スポーティ
1242,反逆者,ドレス,5,A,,,SS,A,,SS,,,A,スポーティ
1243,反撃者,ドレス,5,A,,,S,A,,SS,,,A,スポーティ
1245,MIRACLE★Drum,ドレス,5,A,,,S,SS,,SS,,,A,ロック
1246,MIRACLE★Guitar,ドレス,5,SS,,A,,SS,,S,,,A,ロック
1247,MIRACLE★Keyboard,ドレス,5,SS,,,SS,,A,S,,,A,ロック
1248,エーテル,ドレス,5,A,,A,,S,,SS,,,A,ロック ゴシック
1249,MIRACLE★Bass,ドレス,5,S,,A,,SS,,SS,,,A,ロック ゴシック
1250,幸せに満ちた世界,ドレス,5,SS,,,SSS,,S,,A,,A,ロリータ
1251,MIRACLE★Vocal,ドレス,5,SS,,,S,,S,,S,,S,ロリータ
1252,アイスブルー,ドレス,4,A,,SS,,A,,,S,,A,
1253,スケートワルツ,ドレス,4,A,,SS,,A,,,S,,A,
1270,緋袴,ドレス,5,S,,,S,,SS,,A,,S,和風
1271,見習い巫女,ドレス,5,S,,,SS,,A,,SS,,S,和風
1280,恋の魔法,ドレス,5,A,,A,,SS,,SS,,,A,
1281,甘い誘い,ドレス,5,SS,,A,,A,,SS,,,S,
1319,月夜前奏曲,ドレス,5,SS,,A,,A,,SS,,A,,ウェディング
1320,月光奏鳴曲,ドレス,5,SS,,A,,S,,SS,,A,,ウェディング
1321,完璧な愛,ドレス,5,SS,,A,,,SS,,S,S,,ウェディング
1322,純白の恋歌,ドレス,5,SS,,A,,,SS,,A,S,,ウェディング
1324,春の即興曲,ドレス,5,SS,,,A,,SS,,A,,A,ロリータ
1325,春の幻想曲,ドレス,5,SS,,,SS,,A,,A,,S,ロリータ
1326,はるのうた,ドレス,5,SS,,,A,,A,,SS,,A,
1327,イースター・バニー,ドレス,5,SS,,,A,,A,,SS,,A,
1354,月下の夢,ドレス,5,SS,,A,,A,,SS,,,A,女神
1355,夢に寄り添う,ドレス,5,SS,,A,,A,,S,,,S,女神
1360,黄金の刺繍,ドレス,4,B,,,A,,S,,SS,,A,ロリータ
1361,ぐだぐだたいむ,ドレス,5,S,,,SS,,SS,,B,,S,ナイトウェア
1362,ポムポムプリン,ドレス,5,S,,,SS,,S,,A,,A,ロリータ
1363,ぼくはプリン,ドレス,5,S,,,SS,,SS,,A,,A,ロリータ
1364,シナモロール,ドレス,5,B,,,A,,SS,,SS,,S,ロリータ
