1,シンプルサンダル(黒),シューズ,2,,A,,A,A,,,A,,A,
2,シンプルサンダル(青),シューズ,2,,A,,A,,A,,A,,A,
3,探偵ブーツ,シューズ,4,S,,,A,A,,,S,S,,英国風
4,水玉サンダル(青),シューズ,3,,S,,A,,A,,A,,S,お嬢様
5,水玉サンダル(白),シューズ,3,,S,,A,,A,,A,,S,お嬢様
6,水玉サンダル(ピンク),シューズ,3,,S,,A,,A,,A,,A,お嬢様
7,流れ星(シューズ),シューズ,3,,S,C,,,S,,S,,S,
8,童心(ピンク),シューズ,4,S,,,A,,S,,S,A,,
9,童心(紫),シューズ,4,S,,,A,,S,,A,S,,
10,童心(青),シューズ,4,A,,,S,,S,,S,A,,
11,童心(ベージュ),シューズ,4,A,,,S,,S,,S,A,,
12,海の騎士,シューズ,4,S,,,S,,S,,A,S,,
13,紫布ミュール,シューズ,2,,B,,S,,A,,A,,A,
14,ティアドロップ(ピンク),シューズ,2,,A,A,,,B,,S,,S,
15,ティアドロップ(黒),シューズ,2,,S,B,,A,,,S,,B,
16,ティアドロップ(白),シューズ,2,,A,A,,A,,,A,,A,
17,小紳士,シューズ,3,,B,S,,S,,,S,,B,中性風 英国風
18,魅惑のナイト,シューズ,3,,B,S,,S,,,S,,B,中性風 英国風
19,エチケット,シューズ,3,,B,S,,SS,,,S,,B,中性風 英国風
20,ハイカットブーツ(黒),シューズ,3,,S,,A,S,,,A,A,,中性風
21,ハイカットブーツ(茶),シューズ,3,,A,,A,S,,,A,A,,中性風
23,ハイカットブーツ(豹柄),シューズ,3,A,,,A,S,,,A,S,,中性風
24,クロスカントリーブーツ,シューズ,3,,S,,S,S,,,A,A,,中性風
25,ノーマルズック靴,シューズ,2,,A,,A,,B,,A,A,,中性風
26,夢の情熱,シューズ,2,,B,,A,,A,,A,S,,中性風
27,フラッシュ,シューズ,2,,A,,A,,B,,A,B,,中性風
28,テンダーブレス,シューズ,2,,A,,A,,A,,A,A,,中性風
29,従順,シューズ,3,,S,,B,,A,,S,,A,
30,朱砂,シューズ,3,,S,,B,,S,,S,,A,
31,沈玉,シューズ,3,,S,,B,,S,,A,,S,
32,スター(ピンク),シューズ,5,S,,B,,,S,,S,,S,
33,スター(紺),シューズ,5,S,,,A,,S,,S,,S,
34,スター(青),シューズ,5,S,,,S,,SS,,S,,S,
35,ハニーテディ(黒),シューズ,5,S,,,S,,S,,S,,S,小動物
36,ハニーテディ(柄),シューズ,5,S,,,S,,A,,S,,A,小動物
37,ハニーテディ(白),シューズ,5,SS,,,S,,S,,S,,S,小動物
38,琴の緒(黒),シューズ,3,S,,C,,,A,S,,,S,
39,琴の緒(青),シューズ,3,S,,B,,,B,S,,,S,
40,琴の緒(白),シューズ,3,S,,C,,S,,,S,,S,
41,琴の緒(ピンク),シューズ,3,S,,B,,,S,,S,,S,
48,貴婦人(茶),シューズ,4,S,,S,,C,,,S,,S,中世ヨーロッパ風
49,貴婦人(ピンク),シューズ,4,SS,,,B,,A,,S,,S,中世ヨーロッパ風
50,薔薇心,シューズ,4,S,,,A,,S,,S,,A,ロリータ
51,魔法の機械,シューズ,4,S,,,S,,A,,S,S,,中世ヨーロッパ風
52,深窓の令嬢,シューズ,4,A,,S,,S,,,B,,SS,中世ヨーロッパ風
53,貴婦人風,シューズ,4,B,,S,,A,,S,,,S,中世ヨーロッパ風
54,妖精のおしゃべり,シューズ,4,SS,,,A,,A,,B,,S,
55,ピープトゥサンダル(白),シューズ,3,,A,S,,,C,,A,,S,
56,ピープトゥサンダル(黒),シューズ,3,,A,S,,S,,B,,,A,
57,ピープトゥサンダル(赤),シューズ,3,,S,S,,,B,,A,,S,
59,熟女風,シューズ,4,,S,S,,A,,,S,,A,
60,ジョアンナ,シューズ,3,,S,A,,S,,B,,,A,OL
61,新緑,シューズ,4,,S,S,,,S,,S,,S,クラシックチャイナ
62,SR-新緑,シューズ,5,,B,SS,,,S,,SS,,S,クラシックチャイナ
63,すれ違い,シューズ,3,,SS,A,,B,,,B,,B,英国風
64,ナースシューズ,シューズ,2,,S,,B,,A,,A,,B,メディカル
65,心の焔,シューズ,2,,A,A,,,A,,S,,B,和風
66,酔夢,シューズ,3,A,,S,,A,,A,,,S,和風
67,開拓,シューズ,3,S,,A,,A,,A,,,A,ロック
68,R-開拓,シューズ,4,A,,SS,,S,,S,,,S,ロック
69,スイートチョコ,シューズ,3,,A,S,,A,,A,,,S,OL
70,R-スイートチョコ,シューズ,4,,S,S,,S,,S,,,S,
71,SR-スイートチョコ,シューズ,5,S,,S,,S,,S,,,S,
72,オルゴール(茶),シューズ,3,,SS,A,,B,,B,,S,,英国風
73,花落海,シューズ,3,,SS,S,,B,,C,,,S,
74,R-花落海,シューズ,4,S,,SS,,B,,B,,,S,
75,SR-花落海,シューズ,5,SS,,S,,B,,,B,,SS,
76,パンダのパジャマ,シューズ,3,,A,,A,,A,,S,A,,ナイトウェア 小動物
77,ハートのパジャマ,シューズ,3,,A,,A,,A,,S,A,,ナイトウェア
78,戦火(黒),シューズ,3,B,,,S,B,,S,,S,,ロック
80,花嫁,シューズ,4,S,,S,,,A,,B,,SS,ウェディング
81,森ガールのスノーブーツ,シューズ,4,,A,,S,,S,,A,S,,森ガール 冬服
82,星の海ダンスシューズ,シューズ,6,S,,S,,S,,S,,,S,
84,闇夜のゴシック,シューズ,4,S,,S,,,S,,B,A,,ゴシック
85,SR-蘭の夢,シューズ,5,S,,,A,,A,S,,,S,クラシックチャイナ
87,白錦の履物,シューズ,5,,S,SS,,B,,,S,,SS,クラシックチャイナ
88,月蘭,シューズ,3,,A,S,,C,,,S,,S,クラシックチャイナ
89,楓忍,シューズ,3,S,,,A,,A,,A,,S,ワル
90,R-楓忍,シューズ,4,SS,,,S,A,,,A,,SS,ワル
91,SR-楓忍,シューズ,5,SS,,,SS,S,,,A,,SS,ワル
92,火照,シューズ,3,,A,,B,,S,,S,,S,和風 バスタイム
93,R-火照,シューズ,4,B,,S,,,A,,S,,S,和風
94,SR-火照,シューズ,5,SS,,,B,,S,,S,,S,和風
95,不気味な靴,シューズ,5,SS,,SS,,S,,A,,,A,
96,蘭の夢,シューズ,3,,A,S,,,A,A,,,S,クラシックチャイナ
97,R-蘭の夢,シューズ,4,S,,A,,,S,S,,,S,クラシックチャイナ
98,雀の嘴,シューズ,5,S,,S,,S,,S,,,A,クラシックチャイナ
99,戦士,シューズ,4,,S,,S,,B,,S,S,,中性風
101,温麗,シューズ,3,,S,B,,,S,,S,,S,
102,翠旗,シューズ,5,A,,SS,,,A,S,,S,,クラシックチャイナ
103,蘭交,シューズ,3,,S,S,,,C,,S,,A,クラシックチャイナ
104,花影,シューズ,4,,C,S,,,S,,S,,S,
105,パール付きヘップサンダル,シューズ,2,,A,,A,,A,,A,,A,バスタイム
106,赤い革靴,シューズ,3,,S,,S,,S,,S,,A,ロリータ
107,R-赤い革靴,シューズ,4,,A,,A,,S,,S,,S,ロリータ
108,SR-赤い革靴,シューズ,5,S,,,S,,S,,S,,S,ロリータ
109,晴天(緑),シューズ,4,,C,S,,,S,,SS,,S,
110,晴天(ピンク),シューズ,4,C,,,S,,S,,S,,S,
111,スクールローファー(茶),シューズ,3,,B,A,,,S,,S,,S,英国風
112,清波・スリッパ,シューズ,3,,A,,A,,S,,S,,S,水着 バスタイム
115,タッセル付ブーツ,シューズ,3,S,,C,,,S,,A,S,,
118,スエードデッキシューズ,シューズ,3,,A,,A,,S,,S,S,,冬服
119,エナメルハイヒール(黒),シューズ,2,,A,A,,A,,A,,,A,
120,エナメルハイヒール(赤),シューズ,2,,A,A,,A,,A,,,A,
122,エナメルハイヒール(紫),シューズ,2,,S,A,,A,,,B,,S,
123,白ハイヒール,シューズ,3,,A,A,,A,,A,,,A,
124,ゼブラプリント,シューズ,3,,C,S,,A,,S,,,S,
125,ヒョウ柄ハイヒール(銀),シューズ,3,,B,B,,S,,S,,,S,小花柄
126,ヒョウ柄ハイヒール(黄),シューズ,3,S,,B,,S,,S,,,A,小花柄
129,つぼみ(白),シューズ,3,,S,B,,B,,,S,,S,
130,つぼみ(水色),シューズ,3,,S,S,,,S,,S,,S,
131,つぼみ(藍色),シューズ,3,,S,A,,A,,,A,,A,
132,遥かな詩(白),シューズ,3,,S,,B,,S,B,,,S,
133,遥かな詩(茶),シューズ,3,,S,A,,,C,S,,,A,
134,遥かな詩(黄),シューズ,3,,S,,S,,S,B,,,S,
135,チェックインパクト(赤),シューズ,3,,S,A,,A,,A,,,A,
136,チェックインパクト(青),シューズ,3,,A,A,,S,,A,,,A,
138,くるぶしの誘惑(白),シューズ,3,,B,S,,S,,S,,,S,
139,くるぶしの誘惑(柄),シューズ,3,,C,S,,S,,S,,,S,
140,バニーシューズ,シューズ,3,,A,,A,,A,,A,,S,小動物
142,キャンディシューズ(黄),シューズ,3,,B,S,,,B,,S,,S,
143,キャンディシューズ(青),シューズ,3,,S,S,,,B,,S,,S,
144,キャンディシューズ(赤),シューズ,3,,S,B,,,B,,S,,S,
145,ブローグの秘密,シューズ,4,A,,S,,,S,,S,,S,
147,灰色デッキシューズ,シューズ,2,,S,,B,,A,,A,,B,
148,リベットスケシュー,シューズ,2,,A,,A,,A,,A,,A,
149,緑ギンガムデッキシューズ,シューズ,2,,A,,A,,A,,A,,A,
152,モカシン,シューズ,3,,S,,A,,A,,S,,A,
155,パープル,シューズ,3,,B,S,,S,,S,,,A,
156,チョコレートソース,シューズ,3,,SS,B,,B,,,B,,SS,
157,ノーマルハイヒール(黒),シューズ,1,,C,A,,A,,,C,,A,
158,ノーマルハイヒール(青),シューズ,1,,S,C,,C,,,S,,A,
159,ノーマルハイヒール(橙),シューズ,1,,C,A,,B,,,S,,A,
160,ノーマルハイヒール(ピンク),シューズ,1,,S,C,,C,,,A,,A,
163,バイカラーローファー,シューズ,3,,S,,S,,C,,S,,S,
164,スタッズ付き厚底靴,シューズ,3,,S,,S,,C,,A,,S,
167,透明厚底靴,シューズ,3,S,,A,,,C,,S,,S,
169,ルームシューズ(白),シューズ,1,,B,,B,,A,,A,B,,ナイトウェア バスタイム
171,ルームシューズ(赤),シューズ,1,,A,,A,,A,,A,B,,ナイトウェア バスタイム
172,エウロペ(黒),シューズ,3,,S,,S,,S,,B,B,,
173,エウロペ(茶),シューズ,3,,SS,,A,,A,,A,A,,
174,エウロペ(青),シューズ,3,,A,SS,,,A,,A,A,,
175,エウロペ(赤),シューズ,3,,S,,S,,S,,S,B,,
178,レインボー,シューズ,3,A,,A,,A,,,S,,A,
179,パープリッシュブルー,シューズ,3,,S,A,,,B,,S,,A,
184,絶対角度(黒),シューズ,3,,S,A,,A,,S,,,S,OL
185,絶対角度(紫),シューズ,3,,S,A,,A,,A,,,A,OL
186,パールポインテッドトゥ,シューズ,3,,B,B,,B,,,SS,,SS,
195,ガゼボ,シューズ,2,,B,S,,S,,C,,,S,
207,目くらまし,シューズ,4,,B,SS,,,S,,A,,SS,
210,ブローグの迷宮(茶),シューズ,3,,C,S,,A,,,A,S,,POP
211,ブローグの迷宮(白),シューズ,3,,B,B,,S,,,B,SS,,POP
212,イギリス風靴(白),シューズ,3,,S,,B,,S,,S,A,,
214,イギリス風靴(グレー),シューズ,3,,B,S,,,A,,S,S,,
215,イギリス風靴(茶),シューズ,3,,C,S,,,S,,S,A,,
217,ピープトゥ(グレー),シューズ,2,,B,S,,S,,,B,,S,
218,ピープトゥ(赤),シューズ,2,,C,S,,S,,,C,,S,
220,スニーカー(緑),シューズ,2,,A,,A,,A,,A,A,,中性風
221,スニーカー(紫),シューズ,2,,S,,A,,A,,A,A,,中性風
222,ランニングシューズ(白),シューズ,2,,A,,A,,A,,A,A,,スポーティ
225,ランニングシューズ(赤),シューズ,2,,B,,S,,A,,A,B,,スポーティ
226,ノーマルゴムシューズ(ピンク),シューズ,3,,B,,S,B,,,S,S,,スポーティ
227,ノーマルゴムシューズ(紫),シューズ,3,,A,,S,B,,,S,S,,スポーティ
229,ビーチサンダル(赤),シューズ,2,,A,,A,,A,,A,,A,バスタイム ナイトウェア
230,ビーチサンダル(黒),シューズ,2,,A,,A,,A,,S,,A,バスタイム ナイトウェア
235,ダイヤの煌き,シューズ,2,,S,A,,B,,,A,,S,
240,炎のリベット,シューズ,3,,S,,S,B,,B,,,S,
242,沈黙の時代,シューズ,3,,S,S,,A,,A,,,S,
247,サクラの薔薇(黒),シューズ,3,S,,S,,S,,S,,,B,
248,サクラの薔薇(白),シューズ,3,S,,S,,S,,B,,,B,
249,アンクルストラップ,シューズ,3,,S,,A,A,,A,,,S,
250,スネーク,シューズ,3,,S,A,,A,,A,,,S,
253,ハートハイヒール,シューズ,3,,S,,B,,S,B,,,S,
260,EVAサンダル(青),シューズ,3,,A,,S,,A,,A,,A,POP
263,EVAサンダル(ピンク),シューズ,3,,A,,S,,S,,A,,S,POP
270,紙飛行機,シューズ,3,,S,,S,C,,,S,,S,
275,ビジューサンダル(銀),シューズ,3,A,,,A,,B,A,,,S,
276,ビジューサンダル(金),シューズ,3,B,,,A,,A,S,,,S,
277,スリッポン,シューズ,2,,A,B,,,A,,B,,A,
279,ショートスノーブーツ(茶),シューズ,2,,A,,A,,A,,S,A,,冬服
280,ショートスノーブーツ(灰),シューズ,2,,S,,B,,A,,A,A,,冬服
281,ロングスノーブーツ(茶),シューズ,3,,A,,S,,A,,S,A,,冬服
282,ロングスノーブーツ(白),シューズ,3,,A,,A,,S,,A,A,,冬服
283,スノーブーツ,シューズ,3,,S,C,,,S,,A,S,,冬服
292,ブラックダイヤ,シューズ,4,S,,B,,S,,S,,S,,
294,オーバーニーブーツ,シューズ,3,,S,A,,A,,A,,S,,
295,折返しロングブーツ,シューズ,4,,SS,S,,,A,,B,SS,,
301,落葉,シューズ,3,B,,,B,,B,,SS,S,,ロリータ
302,楓林,シューズ,3,S,,,A,,A,,A,S,,ロリータ
303,ヌガー,シューズ,3,,S,,A,,A,,A,S,,ロリータ
323,丞相の反対,シューズ,3,,,,,,,,,,,
324,パンプス(白),シューズ,3,,A,,A,,A,,A,,A,
325,パンプス(ピンク),シューズ,3,,S,B,,,S,,S,,S,
327,パンプス(青),シューズ,3,,S,,S,,B,,A,,S,
340,スイーツ(シューズ),シューズ,4,A,,,S,,S,,S,,S,ロリータ
341,スイーツ(グレー),シューズ,4,A,,S,,,A,,S,,S,ロリータ
342,スイーツ(緑)(シューズ),シューズ,4,A,,S,,,S,,A,,S,ロリータ
343,スイーツ(黒),シューズ,4,S,,,S,,A,,S,,A,ロリータ
344,可憐な召使い-靴,シューズ,2,,A,A,,B,,,S,,A,中性風 英国風
345,優雅な召使い-靴,シューズ,2,,B,A,,A,,,A,,A,中性風 英国風
348,バニーガールハイヒール,シューズ,4,,S,S,,S,,A,,,S,
349,きら星,シューズ,5,,C,S,,S,,A,,,A,
350,12月のスエード靴,シューズ,3,,C,,A,,S,,S,A,,冬服
351,ガーデンピザ,シューズ,3,,A,,A,,A,,A,A,,中世ヨーロッパ風
352,ドクターシューズ,シューズ,3,,S,A,,S,,A,,,S,
353,ウサギ穴,シューズ,4,S,,,S,,S,,S,,A,メルヘン
354,海洋征服(青),シューズ,4,,A,,S,,S,,S,S,,中性風
355,敬虔なる花-靴,シューズ,4,,S,,A,,S,,S,,S,ロリータ お嬢様
356,花盛り,シューズ,4,A,,,S,,S,,S,,A,ロリータ 英国風
357,プリンセスタイム,シューズ,3,A,,,S,,A,,S,,A,ロリータ
358,メタルロア,シューズ,4,,S,S,,,S,,A,A,,中世ヨーロッパ風
359,スイーツハート-靴,シューズ,3,A,,,A,,S,,A,,A,ロリータ
360,花蜜,シューズ,5,B,,,B,,B,,B,,B,ロリータ
361,シュークリーム,シューズ,3,A,,S,,,A,,A,S,,ロリータ
362,アストロロジー,シューズ,5,S,,,B,,S,,S,,S,
363,ゴールドリーフ,シューズ,4,S,,SS,,,A,S,,,S,
365,リベットシューズ,シューズ,4,S,,,S,A,,S,,,S,ロック
368,香羅,シューズ,5,A,,S,,A,,,A,B,,
370,ストラップサンダル,シューズ,3,,A,A,,A,,A,,,A,
372,パイオニアミュール,シューズ,3,,S,,A,B,,,A,,S,
373,星に願いを,シューズ,4,,A,S,,,S,,A,,S,
378,チーズバー,シューズ,3,,S,S,,B,,B,,,S,
379,月光の宝箱,シューズ,2,,B,S,,S,,B,,,S,
382,海星ミュール,シューズ,2,,A,,A,,A,,A,,A,
383,ピンクミュール,シューズ,2,,A,,A,,A,,A,,A,
384,胡蝶の夢(シューズ),シューズ,5,SS,,A,,B,,SS,,,S,メルヘン
385,なごり雪,シューズ,3,,S,A,,,A,S,,,B,
386,ピンクのダンスシューズ,シューズ,3,,S,,A,,A,,S,,A,お嬢様
387,プリントパンプス,シューズ,3,,A,A,,,S,,A,,S,
388,麗薇,シューズ,4,A,,A,,,S,,A,,S,ロリータ
389,ドリームガーデン,シューズ,4,S,,S,,C,,S,,,A,ロリータ
390,暗夜のゴシック,シューズ,4,S,,S,,,A,,A,S,,ゴシック ロリータ
392,アシスタント-靴,シューズ,3,S,,S,,,C,A,,,S,
393,ルカの靴箱,シューズ,4,S,,B,,,S,,S,A,,ロリータ
394,ウェイストランドサンダル,シューズ,3,SS,,B,,B,,S,,,S,ボヘミアン
395,Sランクスパイ-靴,シューズ,4,C,,S,,SS,,S,,S,,ワル ロック
396,夕がすみ,シューズ,4,,C,SS,,S,,,S,,S,モダンチャイナ
397,雨霧,シューズ,4,,C,S,,S,,,S,,S,モダンチャイナ
398,白雪ブーツ,シューズ,5,,A,S,,,A,,S,B,,
400,黒エナメルブーツ,シューズ,3,,A,A,,A,,A,,A,,
401,赤エナメルブーツ,シューズ,3,,A,A,,A,,S,,A,,
402,雪の揺りかご,シューズ,5,S,,,A,,S,,S,,C,
403,雪の揺りかご(青),シューズ,2,A,,A,,,A,,A,,A,
405,雪の揺りかご(黒),シューズ,2,A,,A,,,A,,A,,A,
410,レースのダンスシューズ,シューズ,4,A,,,A,,S,S,,,B,
413,レースのダンスシューズ(白),シューズ,4,,,,,,,,,,,
415,緑葉レインシューズ,シューズ,2,,B,,B,B,,,B,,S,雨の日
419,ハイカットシューズ,シューズ,2,,A,A,,A,,A,,A,,
420,モデルのオーラ,シューズ,2,,C,A,,S,,A,,S,,
421,ボーンブラック,シューズ,4,S,,A,,A,,S,,,S,
422,ハイヒールオーラ(黒),シューズ,3,,B,S,,S,,S,,,S,
423,ハイヒールオーラ(紅),シューズ,3,,C,S,,S,,A,,,S,
424,魅紫,シューズ,2,,A,A,,A,,A,,,A,
425,夜色の牙,シューズ,3,B,,S,,S,,A,,,S,
426,花影の蔓,シューズ,4,,,,,,,,,,,
432,スクールローファー(黒),シューズ,3,,S,B,,,B,,S,B,,英国風
435,白雪の革靴,シューズ,2,,A,A,,,A,,A,,A,
446,つぼみ(ピンク),シューズ,3,,B,S,,,S,B,,,S,
447,遥かな詩(青),シューズ,3,,B,S,,,S,B,,,S,
448,蒼い星の秘密,シューズ,3,,A,S,,A,,A,,,S,
449,乙女心(ピンク),シューズ,4,S,,B,,S,,,S,B,,
450,乙女心(赤),シューズ,4,S,,B,,S,,,S,B,,
452,ポンポンスエード靴(黒),シューズ,3,B,,S,,S,,,S,B,,
453,ポンポンスエード靴(ピンク),シューズ,3,A,,SS,,B,,,SS,B,,
454,ポンポンスエード靴(赤),シューズ,2,B,,A,,,B,,SS,A,,
456,戦いの女神,シューズ,3,,B,A,,S,,A,,A,,
458,オルゴール(黒),シューズ,3,,S,,B,S,,,B,S,,英国風
468,戦火(茶),シューズ,3,A,,,C,S,,S,,S,,ロック
470,マリン風スニーカー(白),シューズ,4,,A,,S,,S,,S,S,,中性風
471,マリン風スニーカー(黒),シューズ,4,,S,,A,,S,,S,S,,中性風
472,海洋征服(グレー),シューズ,4,,A,,S,,A,,A,S,,中性風
478,氷の薔薇(シューズ),シューズ,5,S,,A,,,S,A,,B,,
479,遊びに行こう,シューズ,5,,S,S,,,S,,S,,A,
480,ピンクうさぎ,シューズ,5,,B,,A,,S,,S,,A,
481,奔放なステップ,シューズ,6,S,,A,,A,,S,,,S,
482,雪羽のステップ,シューズ,5,A,,S,,A,,A,,,S,
483,学びの道,シューズ,3,,S,,S,,A,,A,,B,スポーティ
485,ビーチサンダル,シューズ,3,,A,,S,,A,,S,,A,ネイビー
486,雨林花,シューズ,3,,A,,B,,S,,A,,S,
487,トライバルシューズ,シューズ,3,A,,,S,,B,,A,S,,エスニック
488,黒墨の靴,シューズ,3,,S,,S,B,,,A,,A,クラシックチャイナ ワル
489,青い花芯,シューズ,2,,S,S,,A,,B,,,B,
490,R-青い花芯,シューズ,3,,S,S,,,B,A,,,B,中世ヨーロッパ風
491,蘭の傷跡,シューズ,3,S,,A,,B,,S,,,A,モダンチャイナ
492,青磁-靴,シューズ,4,,A,S,,SS,,,A,,A,モダンチャイナ
493,瑞雲の舞-靴,シューズ,4,,A,S,,SS,,,A,,B,モダンチャイナ
494,水辺の遊び,シューズ,5,S,,S,,S,,S,,,S,モダンチャイナ
495,ノーザンの勇姿-靴,シューズ,4,,A,,S,A,,SS,,,A,ミリタリー
497,錦繍履(くつ),シューズ,6,SS,,SS,,A,,,S,,S,
498,錦繍履(くつ)(青),シューズ,6,A,,A,,,SS,SS,,,S,
499,青花の礼靴,シューズ,4,,SS,S,,A,,B,,,A,
500,紳士の身だしなみ,シューズ,4,,S,A,,SS,,,A,B,,中性風
502,R-怪盗の革靴,シューズ,5,B,,SS,,SS,,A,,A,,中性風 中世ヨーロッパ風
503,R-ムートンブーツ,シューズ,5,S,,SS,,,SS,,A,A,,小動物
504,蓮葉の刺繍履(くつ),シューズ,4,A,,SS,,,A,,S,A,,
505,努力の滲み,シューズ,4,SS,,B,,,S,,A,A,,
506,ハイカットスニーカー(黄),シューズ,4,,S,,A,,A,,S,A,,
507,ハイカットスニーカー(ピンク),シューズ,4,,SS,,A,,S,,A,A,,
508,ハイカットスニーカー(黒),シューズ,4,,S,,SS,,A,,A,A,,
510,鹿枝,シューズ,5,S,,S,,A,,S,,,A,
511,ピンクドール,シューズ,2,,B,B,,,S,,S,,A,
512,R-ピンクドール,シューズ,3,,B,B,,,S,,S,,A,
513,SR-ピンクドール,シューズ,4,,B,B,,,S,,SS,,A,
514,紅色の履(くつ),シューズ,3,,S,B,,,A,,S,,A,
515,R-紅色の履(くつ),シューズ,4,,SS,A,,,A,,S,,A,
516,SR-紅色の履(くつ),シューズ,5,,SS,A,,,A,,SS,,A,
517,望春,シューズ,4,,S,A,,,A,,S,,A,
518,R-望春,シューズ,5,A,,S,,,A,,SS,,S,
519,ぴょんぴょんステップ,シューズ,4,S,,A,,,SS,,B,B,,
520,R-ぴょんぴょんステップ,シューズ,5,SS,,S,,,SS,,A,S,,小動物
521,ファッションOL,シューズ,3,,S,S,,B,,,B,,A,
522,水玉リボン,シューズ,3,,B,S,,,S,,B,,B,
523,薄紅の履物,シューズ,4,A,,,A,,S,,S,,A,クラシックチャイナ
524,翡翠の履(くつ),シューズ,5,SS,,SS,,A,,,S,,A,クラシックチャイナ
526,ゴールドバックル,シューズ,3,,S,S,,,A,,B,,A,ゴシック
527,R-ゴールドバックル,シューズ,4,,SS,S,,,A,,A,,A,ゴシック
528,SR-ゴールドバックル,シューズ,5,S,,SS,,,S,,S,A,,ゴシック
529,ムートンブーツ,シューズ,4,,SS,A,,,SS,,B,A,,
532,怪盗の革靴,シューズ,4,A,,S,,S,,A,,A,,中性風
533,凝霞,シューズ,3,,S,A,,S,,B,,,B,
534,フルーツキャンデー,シューズ,2,,S,B,,,S,,B,,B,
535,R-フルーツキャンデー,シューズ,3,B,,A,,,S,,S,,B,
536,SR-フルーツキャンデー,シューズ,4,A,,B,,,SS,,SS,,A,
537,祈りのメロディ,シューズ,2,,S,S,,A,,,A,,B,
538,R-祈りのメロディ,シューズ,3,,B,S,,A,,,S,,A,
539,SR-祈りのメロディ,シューズ,4,A,,SS,,S,,,A,,A,
540,金属の空,シューズ,4,A,,S,,SS,,B,,,A,近未来
541,金属の領空(ローズ),シューズ,4,A,,S,,,SS,B,,,A,近未来
542,楓の海,シューズ,4,S,,SS,,S,,A,,,A,
543,鯉の趣,シューズ,4,A,,S,,,A,,S,,A,
544,刀光の麗姿,シューズ,3,,S,A,,S,,,A,,B,ワル
545,R-刀光の麗姿,シューズ,4,A,,S,,A,,S,,A,,ワル
546,刀光の麗姿-タイル,シューズ,4,A,,SS,,SS,,A,,B,,ワル
547,地獄のグルニエ,シューズ,5,A,,SS,,A,,SS,,A,,
548,天国への梯子,シューズ,5,S,,SS,,A,,SS,,,S,
549,牧歌(茶),シューズ,4,B,,SS,,,S,,A,A,,
550,牧歌(緑),シューズ,4,A,,SS,,,SS,,A,A,,
551,牧歌(青),シューズ,4,A,,SS,,,S,,A,B,,
552,濃厚ココア,シューズ,4,A,,S,,SS,,A,,A,,
553,青色淑女,シューズ,3,,S,A,,S,,B,,,B,
554,赤ビジューサンダル,シューズ,4,,S,A,,S,,S,,,A,
556,夢世界の使い,シューズ,5,SS,,,S,,SS,S,,S,,
557,夢世界の使い(青),シューズ,5,SS,,,S,,SS,,S,S,,
558,夢世界の使い(緋),シューズ,5,S,,,S,,SS,,SS,S,,
559,落ち葉ブーツ,シューズ,2,,S,B,,S,,A,,B,,
560,R-落ち葉ブーツ,シューズ,3,S,,B,,S,,A,,A,,
561,SR-フリンジブーツ,シューズ,4,SS,,,B,,S,,A,A,,
562,魅惑の翼,シューズ,5,A,,SS,,A,,SS,,A,,
563,将校長靴,シューズ,4,,SS,B,,A,,SS,,A,,ミリタリー
564,レースアップブーツ,シューズ,4,A,,S,,,B,,S,A,,エスニック
565,青春の歩み,シューズ,4,,A,S,,,SS,,B,A,,
566,SR-厚底ハイカット靴,シューズ,4,S,,,S,,A,,A,A,,
567,R-厚底ハイカット靴,シューズ,3,B,,,S,,S,,A,A,,
568,厚底ハイカット靴,シューズ,2,,B,,S,,S,,A,B,,
569,SR-華の舞,シューズ,4,SS,,S,,,A,,A,B,,中世ヨーロッパ風
570,夢の舞,シューズ,4,A,,A,,,SS,,S,A,,中世ヨーロッパ風
571,R-華の舞,シューズ,3,B,,,B,,SS,,S,A,,中世ヨーロッパ風
572,華の舞,シューズ,2,,B,,S,,A,,A,B,,中世ヨーロッパ風
573,SR-竹の小道,シューズ,4,SS,,S,,,A,,A,B,,
574,R-竹の小道,シューズ,3,A,,S,,,B,,S,A,,
575,竹の小道,シューズ,2,,S,B,,,A,,S,B,,
576,ガールズスニーカー(桃),シューズ,3,A,,,S,,S,,A,B,,
577,ガールズスニーカー(紫),シューズ,3,,A,,B,,S,,S,B,,
578,月宮,シューズ,4,B,,,SS,,S,,B,S,,
579,月宮-満月,シューズ,4,B,,,SS,,S,,B,S,,
580,月宮-新月,シューズ,4,S,,S,,,A,S,,A,,
581,無邪気な恋,シューズ,5,S,,A,,A,,SS,,A,,
582,藤の絆,シューズ,4,A,,SS,,,A,,S,A,,
583,惹かれる距離,シューズ,5,A,,,SS,,SS,,S,S,,
584,花リボンハイヒール,シューズ,3,,B,S,,,B,S,,A,,
585,魔女ブーツ,シューズ,5,A,,A,,S,,SS,,A,,
586,蓮歩,シューズ,5,A,,A,,SS,,SS,,,A,
589,いちごプリン,シューズ,4,A,,,SS,,SS,,B,,B,
590,シュヴァルツヴェルダー,シューズ,4,,S,,A,SS,,S,,,B,
591,ハニーマカロン,シューズ,4,A,,,B,,S,,SS,,S,
595,百花ダンスシューズ,シューズ,5,SS,,A,,,SS,,A,,A,
597,キャラメル・マキアート,シューズ,4,,S,,SS,,A,,A,A,,
599,オシャレなピープトゥ,シューズ,3,,SS,S,,A,,B,,,A,
600,オトナなピープトゥ,シューズ,3,,S,A,,S,,B,,,A,
601,ポインテッドトゥ・ブーツ,シューズ,3,A,,S,,S,,S,,B,,
603,金箔淑女,シューズ,4,A,,A,,SS,,A,,A,,
604,ジャスミンパール,シューズ,5,A,,SS,,A,,SS,,,B,
606,麗人の舞,シューズ,4,,B,A,,,SS,,S,A,,
607,アイドルの夢,シューズ,4,A,,,SS,,S,,A,,A,
608,R-アイドルの夢,シューズ,5,A,,,SS,,SS,,A,,A,
609,アイドルの夢(紫),シューズ,5,S,,,A,,SS,,S,A,,
610,鶴の鳴き声(シューズ),シューズ,5,A,,S,,SS,,S,,A,,
611,真夜中の徘徊,シューズ,3,,S,B,,S,,A,,,A,
612,R-真夜中の徘徊,シューズ,4,A,,A,,S,,SS,,,A,
613,SR-真夜中の徘徊,シューズ,5,A,,S,,SS,,SS,,,A,
614,静かなハミング,シューズ,5,S,,S,,A,,,SS,,A,
616,夢の礼靴,シューズ,4,A,,SS,,,A,,S,,B,
617,ポポの革靴,シューズ,3,,S,S,,,A,,A,,B,
618,青墨の刻,シューズ,4,A,,,A,,S,,S,A,,モダンチャイナ
619,芙蓉の香り,シューズ,3,A,,S,,B,,,S,,B,クラシックチャイナ
620,グラデーション・ショート,シューズ,3,,S,,S,,A,,A,B,,
621,グラデーション・ロング,シューズ,4,B,,,SS,A,,,S,A,,
622,風雪のロングブーツ,シューズ,5,A,,SS,,SS,,,A,A,,
623,豪華絢爛,シューズ,3,,S,B,,S,,A,,B,,
624,R-豪華絢爛,シューズ,4,A,,A,,SS,,S,,A,,
625,豪華絢爛(濃緑),シューズ,4,A,,A,,SS,,SS,,B,,
626,画家の靴,シューズ,3,,A,S,,S,,,A,A,,
627,画家の靴(白),シューズ,3,,A,S,,S,,,B,B,,
628,ベリーソーリー,シューズ,4,S,,SS,,,B,,S,,B,
629,海賊の革靴,シューズ,4,B,,A,,SS,,SS,,B,,
630,ハイカットスニーカー,シューズ,4,A,,,SS,,S,A,,,B,
631,ショコラブーツ,シューズ,4,A,,S,,SS,,,B,A,,
632,ショコラブーツ(茶),シューズ,4,A,,SS,,,A,,SS,B,,
635,心宿・月の縁,シューズ,5,SS,,SS,,A,,,A,A,,
636,吉祥の雲,シューズ,5,SS,,A,,SS,,A,,S,,
637,蝶舞千回,シューズ,3,,S,A,,,A,,SS,,B,
638,R-蝶舞千回,シューズ,4,A,,SS,,A,,,S,,B,
639,SR-蝶舞千回,シューズ,5,A,,A,,SS,,SS,,,A,
640,蝶舞千回(紫),シューズ,5,A,,S,,S,,S,,,A,
641,蝶舞千回(桃),シューズ,5,A,,S,,,SS,,SS,,B,
642,いちごクッキー,シューズ,3,,S,,A,,A,,S,,A,
643,R-いちごクッキー,シューズ,4,B,,A,,,S,,SS,,A,
644,SR-いちごクッキー,シューズ,5,SS,,A,,,SS,,A,,A,
645,いちごクッキー(ココア),シューズ,5,A,,SS,,SS,,,A,,B,
646,花蔓の礼靴,シューズ,5,B,,SS,,SS,,A,,,S,
647,青花靴,シューズ,3,B,,S,,S,,,B,,A,
649,ブラックホール,シューズ,3,S,,SS,,SS,,,A,A,,
652,金ボタンハイヒール,シューズ,4,A,,S,,A,,A,,S,,
653,花の回廊,シューズ,4,A,,,S,,S,,A,A,,モダンチャイナ
655,女剣士のブーツ,シューズ,4,A,,B,,SS,,SS,,A,,
656,恋愛の法則-靴,シューズ,4,A,,,A,,SS,,S,,B,
657,冬のブーツ,シューズ,3,B,,S,,S,,A,,A,,
660,金の棘,シューズ,5,A,,SS,,A,,,SS,,S,
661,使えぬ翼,シューズ,3,,S,B,,S,,,B,,A,
662,R-使えぬ翼,シューズ,4,A,,S,,SS,,,A,,A,
663,SR-使えぬ翼,シューズ,5,S,,SS,,S,,,A,,A,
664,自由な翼,シューズ,5,A,,SS,,SS,,S,,,A,
665,ピクニック(シューズ),シューズ,2,,B,A,,,S,,A,,A,
666,R-ピクニック,シューズ,3,A,,A,,,S,,S,,A,
667,SR-ピクニック,シューズ,4,A,,S,,,A,,SS,,A,
668,氷の女王,シューズ,5,A,,S,,SS,,SS,,,S,
669,氷姿雪魄(ひょうしせっぱく),シューズ,5,A,,SS,,A,,,S,,B,
670,猫の忍び足,シューズ,5,SS,,SS,,,A,,S,A,,
674,温和,シューズ,3,A,,S,,S,,,A,,A,
675,鹿革の靴,シューズ,3,A,,S,,,B,,S,B,,
676,黒曜のハイヒール,シューズ,5,A,,A,,SS,,SS,,A,,
677,二つ葉の希望,シューズ,4,,S,SS,,A,,A,,,A,
678,餡子,シューズ,5,A,,,SS,,SS,,A,,A,
679,ストロベリーヨーグルト,シューズ,4,A,,S,,SS,,,B,,A,
680,R-ストロベリーヨーグルト,シューズ,5,A,,SS,,SS,,,A,,A,
681,竹葉の舟,シューズ,5,A,,S,,SS,,,A,S,,クラシックチャイナ
682,燃える情愛,シューズ,4,,A,A,,S,,S,,,S,
690,ハートのハイヒール,シューズ,3,,S,,B,,A,,S,,B,
692,乱れたステップ,シューズ,5,,S,SS,,A,,SS,,,A,
693,魅惑の人形,シューズ,6,S,,SS,,SS,,S,,,A,
694,魅惑の人形-奇跡,シューズ,6,A,,S,,SS,,SS,,,A,
698,花月の履(くつ),シューズ,5,S,,SS,,,S,,A,,A,クラシックチャイナ
700,女剣士のブーツ(濃紫),シューズ,4,A,,A,,S,,SS,,A,,
701,恋愛指南書-靴,シューズ,4,A,,,S,,SS,,B,,A,
703,グレーパンプス,シューズ,3,,S,B,,S,,A,,B,,
705,健康の葉,シューズ,3,B,,,B,,S,,SS,,B,
706,モノクロの信念,シューズ,3,,S,A,,S,,A,,,B,
707,R-モノクロの信念,シューズ,4,A,,S,,SS,,B,,A,,
708,SR-モノクロの信念,シューズ,5,SS,,SS,,S,,A,,A,,
709,蓮華,シューズ,4,,SS,S,,,A,,A,,A,クラシックチャイナ
710,蓮華の痛み,シューズ,5,A,,SS,,A,,,S,,S,クラシックチャイナ
711,恋愛データ,シューズ,5,S,,,SS,,SS,A,,,A,近未来
712,守りの意志,シューズ,5,SS,,A,,A,,SS,,,S,ワル メルヘン
713,流行りのシューズ,シューズ,4,A,,,S,,S,,SS,,B,原宿系
714,記憶の消失,シューズ,5,A,,A,,SS,,SS,,A,,
716,愛の鍵,シューズ,5,S,,A,,SS,,SS,,,A,
717,蓮華の痛み-夏,シューズ,5,A,,SS,,S,,,SS,,A,クラシックチャイナ
718,萌系ハイカットスニーカー,シューズ,4,A,,,S,,S,,S,,A,
719,クール系ハイカットスニーカー,シューズ,4,,SS,,A,,A,,S,,B,
720,暖系ハイカットスニーカー,シューズ,4,A,,,A,,SS,,S,,B,
721,沈黙,シューズ,4,,SS,S,,,A,,A,,A,
722,沈黙(白),シューズ,4,,SS,S,,,A,,A,,A,
723,沈黙(赤),シューズ,4,,SS,S,,,A,,A,,A,
724,紅い靴,シューズ,5,SS,,S,,S,,A,,,A,
725,レースショコラ,シューズ,3,A,,S,,S,,,B,,A,
728,槿雲台,シューズ,5,A,,S,,S,,A,,,A,
731,星のリボンパンプス,シューズ,5,A,,S,,A,,,A,B,,
732,ダイナミックビート,シューズ,3,,S,,A,S,,S,,,B,スポーティ
734,ハートの冒険,シューズ,5,,S,,SS,,SS,,S,,A,
735,運命の導き,シューズ,5,S,,S,,SS,,S,,,A,
736,迷いの導き,シューズ,4,A,,,A,SS,,S,,,B,ロック
737,帰路の導き,シューズ,4,A,,,B,SS,,S,,,A,ロック
738,自然の歌,シューズ,4,S,,SS,,S,,A,,A,,中世ヨーロッパ風
739,旅路の詩,シューズ,4,A,,SS,,S,,A,,,A,エスニック
740,ぱっつん,シューズ,3,,S,S,,B,,A,,,B,
741,流水の詩-靴,シューズ,3,B,,S,,S,,,A,,B,
742,ハニーシューズ,シューズ,4,,A,,S,,S,,A,,A,
744,電子ゴースト,シューズ,5,S,,S,,S,,SS,,,A,近未来
745,電子ゴースト-ウイルス,シューズ,5,A,,A,,SS,,SS,,,S,近未来
747,古城の迷子,シューズ,3,,S,,S,,A,,A,,B,メルヘン
748,R-古城の迷子,シューズ,4,B,,A,,,S,,A,,B,メルヘン
749,SR-古城の迷子,シューズ,5,SS,,A,,,SS,,S,,A,メルヘン
750,薔薇の古城,シューズ,5,A,,SS,,SS,,A,,,B,メルヘン
751,古城の朝露,シューズ,5,A,,B,,,SS,,SS,,A,メルヘン
752,古城の迷夢,シューズ,5,A,,A,,SS,,SS,,,A,メルヘン
753,花畑の踊り,シューズ,3,,S,S,,B,,A,,,A,
754,花畑の散策,シューズ,4,B,,SS,,S,,,A,,S,
756,蘭の羽,シューズ,3,,S,S,,B,,,A,,A,
757,軽い蘭の羽,シューズ,4,A,,S,,S,,,A,,A,
758,木蓮の羽,シューズ,5,SS,,S,,A,,,S,,A,
759,幽蘭の舞,シューズ,5,A,,A,,SS,,SS,,,S,
760,闇の幻影,シューズ,3,,S,B,,S,,B,,,A,
761,R-闇の幻影,シューズ,4,A,,B,,SS,,S,,,A,
762,SR-闇の幻影,シューズ,5,S,,S,,SS,,SS,,,A,
763,闇の幻影(黄),シューズ,5,S,,A,,SS,,SS,,,A,
764,乾坤一擲-陰,シューズ,5,A,,SS,,SS,,A,,S,,
765,乾坤一擲-陽,シューズ,5,A,,SS,,SS,,A,,A,,
766,初演奏,シューズ,4,A,,S,,S,,,A,A,,
767,音律の旋回,シューズ,5,S,,SS,,SS,,,A,,A,
768,氷蝶の舞,シューズ,5,A,,SS,,,A,,SS,,A,
769,金色の舞台,シューズ,5,S,,SS,,SS,,A,,,A,
773,メヌエット,シューズ,5,,S,S,,,B,,A,B,,英国風
775,ハニーパンプス,シューズ,5,B,,,S,,S,,B,,B,小動物
776,落葉の小道,シューズ,5,,S,A,,SS,,A,,A,,英国風
782,萌系ハイヒール,シューズ,4,A,,,SS,,S,,A,B,,小動物 ロリータ
783,星屑,シューズ,3,,S,,B,,A,,S,,A,
788,初春の詩集,シューズ,5,A,,S,,SS,,,S,S,,中世ヨーロッパ風
789,暁星残月,シューズ,5,A,,SS,,SS,,A,,S,,英国風
790,披星戴月,シューズ,5,S,,,A,,SS,,S,,A,
791,雲竹の履(くつ),シューズ,5,S,,S,,SS,,,A,,A,クラシックチャイナ
792,瞬間移動,シューズ,5,,A,SS,,A,,,S,S,,冬服
793,気ままな幻想,シューズ,5,A,,A,,,B,,SS,SS,,冬服
794,織雲の履(くつ),シューズ,5,A,,SS,,SS,,S,,,A,クラシックチャイナ
795,萌系ハイヒール(桃),シューズ,4,A,,,SS,,S,,A,A,,小動物 ロリータ
796,星屑(赤),シューズ,3,B,,,S,,S,,A,,B,
797,星屑(褐色),シューズ,3,B,,S,,S,,A,,,A,
798,幻の時刻,シューズ,4,A,,,A,,S,,SS,,B,
799,鋼の軍靴,シューズ,5,A,,SS,,SS,,A,,,A,ワル
800,Tストラップパンプス,シューズ,4,A,,SS,,S,,,A,A,,英国風
801,ミントの靴,シューズ,4,A,,S,,B,,,SS,A,,
802,レトロな靴紐,シューズ,4,A,,S,,SS,,,B,A,,学生風
803,星の夢の軌跡,シューズ,4,A,,,SS,,S,,A,,A,
804,星の夢の軌跡(桃),シューズ,4,A,,,A,,S,,SS,A,,
805,星の夢の軌跡(茶),シューズ,4,A,,,S,,S,,A,,A,
806,星の夢の軌跡(紺),シューズ,4,A,,,S,,S,,A,,A,
807,竹葉の履物,シューズ,5,A,,SS,,A,,,SS,,A,クラシックチャイナ
808,竹葉の履物(青嵐),シューズ,5,A,,SS,,S,,,A,,A,クラシックチャイナ
809,竹葉の履物(南風),シューズ,5,B,,A,,,S,,SS,,A,クラシックチャイナ
810,オロチ,シューズ,2,,S,S,,B,,A,,,B,
811,R-オロチ,シューズ,3,B,,SS,,S,,B,,,A,
812,SR-オロチ,シューズ,4,S,,B,,A,,S,,,A,
813,永遠のひととき,シューズ,5,S,,SS,,S,,A,,,A,
814,花淡,シューズ,3,,S,A,,,A,,S,,A,
815,花淡(ピンク),シューズ,3,,S,B,,,S,,A,,A,
816,蝶の口づけ,シューズ,3,A,,S,,A,,,S,,A,
817,蝶の口づけ(紫),シューズ,3,B,,S,,S,,,B,,A,
818,星晴ハイヒール,シューズ,3,A,,S,,S,,,A,,A,
819,霊幻の草履,シューズ,3,,S,,S,,B,,B,,A,和風
820,R-霊幻の草履,シューズ,4,A,,,S,A,,,SS,,A,和風
821,SR-霊幻の草履,シューズ,5,,SS,SS,,A,,,S,,A,和風
822,霊幻の草履-幻,シューズ,5,S,,,SS,A,,,SS,,A,和風
823,クーリエシューズ,シューズ,3,,A,S,,,B,,S,,B,英国風
824,R-クーリエシューズ,シューズ,4,A,,SS,,,A,,S,,A,英国風
825,SR-クーリエシューズ,シューズ,5,SS,,SS,,,A,,S,A,,英国風
826,クーリエシューズ-手紙,シューズ,5,A,,,SS,,SS,,A,,A,英国風
827,チェリーシューズ,シューズ,3,A,,,S,,S,,A,,A,
828,トラ柄ブーツ,シューズ,4,,A,,A,SS,,SS,,,B,小動物
829,失楽の旅路,シューズ,4,A,,S,,S,,A,,,A,ボヘミアン
830,椿の靴,シューズ,4,A,,S,,S,,A,,,A,
831,白十字靴,シューズ,5,A,,,SS,,SS,,A,S,,メディカル
832,グレーの使徒,シューズ,5,A,,A,,SS,,SS,,A,,メディカル
833,夢幻の星,シューズ,5,A,,S,,SS,,A,,,A,
834,藍色染めの刺繍靴,シューズ,5,B,,SS,,,A,,SS,,A,エスニック
835,夜の龍尾,シューズ,5,S,,SS,,S,,S,,,A,クラシックチャイナ
836,雪踏む靴,シューズ,5,A,,SS,,SS,,S,,,A,クラシックチャイナ
838,ナッツの壁,シューズ,3,B,,S,,,A,,S,,A,
843,さすらい人,シューズ,3,A,,S,,S,,,B,B,,
844,R-さすらい人,シューズ,4,A,,SS,,S,,,A,A,,
845,SR-さすらい人,シューズ,5,S,,SS,,SS,,,A,A,,
846,アイスブルーの夢,シューズ,4,S,,B,,,SS,,S,,B,
847,闇夜の散歩,シューズ,4,,A,,A,S,,S,,,A,近未来
848,夏陽炎の行方,シューズ,5,A,,SS,,,A,,SS,,S,小動物
849,小さなカエルシューズ,シューズ,5,,A,,S,,SS,S,,,A,
850,たゆたう水,シューズ,5,S,,S,,A,,,SS,,A,
851,ブルーベリーアイス,シューズ,4,A,,,B,,SS,,S,,S,
852,金の砂浜,シューズ,4,A,,S,,S,,A,,,A,
853,海原,シューズ,4,,A,,S,,A,,SS,,B,ネイビー
855,究極の愛,シューズ,4,A,,SS,,S,,A,,A,,
856,ブロックチェック,シューズ,4,B,,,S,,SS,,A,A,,英国風
857,百変化サンダル,シューズ,3,,A,S,,S,,A,,,A,
858,憂いなき時,シューズ,3,,S,,B,,SS,,B,,B,ロリータ
859,R-憂いなき時,シューズ,4,A,,,B,,S,,S,,A,ロリータ
860,SR-憂いなき時,シューズ,5,SS,,,A,,SS,,A,,A,ロリータ
861,憂いなき時-夢,シューズ,5,SS,,,SS,,A,,S,,A,ロリータ
862,雲上の使者,シューズ,4,,SS,S,,A,,,A,,A,クラシックチャイナ
863,雪原の青鸞,シューズ,5,,SS,S,,S,,,A,,A,クラシックチャイナ
865,サティの帽子,シューズ,5,A,,S,,,A,,SS,,A,ロリータ
866,百変化ハイヒール,シューズ,3,,B,S,,S,,,B,,A,
867,優美な心,シューズ,4,B,,SS,,A,,,SS,,B,
868,可愛いカップ,シューズ,4,S,,,B,,S,,S,S,,ロリータ
870,月下の散歩,シューズ,4,,A,,A,,S,,S,A,,
871,部族間闘争,シューズ,4,A,,S,,S,,A,,,A,エスニック
872,かわいいは正義,シューズ,5,S,,,A,S,,SS,,,A,近未来
873,空舞う靴,シューズ,5,A,,,A,SS,,S,,,A,近未来
879,小悪魔の靴,シューズ,4,SS,,,S,,B,S,,,B,
880,リボンサンダル(桃),シューズ,4,,S,S,,,B,,B,,A,
881,紅の刺繍靴,シューズ,5,A,,SS,,S,,,A,,S,クラシックチャイナ
882,桜並木の散歩,シューズ,5,A,,SS,,S,,,A,,A,
884,珠のような飛沫,シューズ,5,A,,SS,,S,,A,,,S,
885,茶色のローファー,シューズ,3,,A,S,,,A,,A,,A,学生風 モダンチャイナ
888,バグパイプブーツ,シューズ,5,SS,,SS,,S,,A,,A,,メルヘン
889,星の駒,シューズ,5,SS,,SS,,A,,A,,A,,メルヘン
896,兎のブーツ,シューズ,4,A,,,SS,,S,,B,,A,メルヘン
906,トレンドセッター,シューズ,5,B,,,S,,SS,A,,,A,原宿系
907,夜の蝶,シューズ,3,,S,S,,B,,A,,,B,
908,レースアップシューズ,シューズ,4,A,,,B,SS,,S,,,A,原宿系
911,菖蒲の下駄,シューズ,5,S,,S,,SS,,,S,A,,和風
912,菖蒲の下駄(青),シューズ,5,,SS,A,,,A,,S,,A,和風
913,菖蒲の下駄(金),シューズ,5,A,,SS,,S,,A,,S,,和風
914,幽影,シューズ,3,,S,A,,S,,A,,,B,
915,R-幽影,シューズ,4,B,,SS,,S,,A,,,A,
916,SR-幽影,シューズ,5,SS,,A,,SS,,A,,S,,
917,桜の期待,シューズ,5,S,,S,,SS,,A,,A,,和風
920,夢の浮島,シューズ,5,A,,SS,,,A,,SS,A,,ロリータ
921,雪の長靴,シューズ,5,SS,,A,,A,,,A,SS,,冬服
924,帰り道,シューズ,4,A,,SS,,A,,S,,A,,
927,栗色の革靴,シューズ,3,,S,S,,A,,,A,B,,
928,塩魚サンダル,シューズ,3,B,,S,,S,,A,,,A,
932,薔薇園の夢,シューズ,4,,SS,,S,,A,,A,,A,
933,ワルツァー,シューズ,5,A,,SS,,SS,,,A,,A,
934,光のダンス,シューズ,5,A,,A,,SS,,SS,,,S,
935,雪の足枷,シューズ,5,S,,SS,,S,,,A,,A,
937,華やぐ街角,シューズ,4,,A,S,,,B,,SS,A,,
938,華やぐ街角(羽),シューズ,4,,S,,SS,,A,,B,A,,
939,玉結ぶ縁,シューズ,5,S,,S,,SS,,A,,,A,クラシックチャイナ
941,夢見る蝶,シューズ,5,A,,SS,,S,,S,,,A,メルヘン
942,リンレイのプレゼント,シューズ,5,S,,A,,,A,,SS,,A,
946,水晶の靴,シューズ,5,A,,S,,SS,,,A,,A,
947,聖夜の靴,シューズ,5,S,,,SS,,S,,A,A,,
962,海の果て,シューズ,4,SS,,,A,,A,,S,,A,近未来
963,雪山の景色,シューズ,3,B,,,SS,,S,,B,,A,クラシックチャイナ
966,聖夜の粉雪,シューズ,4,,S,,A,,A,,S,,S,
969,星の導き,シューズ,5,A,,SS,,SS,,A,,,A,エスニック
970,運命の啓示,シューズ,5,S,,A,,S,,SS,,,A,
973,絹の弦音,シューズ,5,A,,SS,,S,,A,,A,,クラシックチャイナ
976,優しいトラップ,シューズ,3,,S,,SS,,B,,B,A,,
989,天使のリボン,シューズ,4,S,,,S,,A,,SS,,B,
990,天使の足音,シューズ,4,,A,,A,,S,,SS,,A,
992,空山月光,シューズ,5,A,,SS,,A,,,S,,A,
993,離れる日,シューズ,5,A,,,SS,,A,,SS,,S,和風
994,烏天狗の下駄,シューズ,5,S,,A,,SS,,S,,A,,和風
995,元気娘の下駄,シューズ,5,,SS,,SS,,A,,S,,S,和風
999,肉球麺,シューズ,5,A,,,SS,,A,,SS,A,,
1000,秘伝のタレ,シューズ,5,S,,,SS,,A,,SS,B,,
1001,血塗られた惨劇,シューズ,5,A,,S,,SS,,SS,,,A,エスニック
1005,青い思い出,シューズ,4,,SS,,B,,A,,S,,A,
1008,運命の輪,シューズ,5,S,,A,,SS,,SS,,,S,エスニック
1023,桜の香り,シューズ,5,A,,S,,,SS,,SS,,A,和風
1024,暖かい冬,シューズ,4,A,,,S,,S,,A,,A,
1028,初期化カウントダウン,シューズ,5,SS,,SS,,,A,,A,,S,近未来
1029,明日への一歩,シューズ,5,A,,A,,SS,,SS,,,B,
1030,二足歩行,シューズ,5,A,,SS,,SS,,B,,,A,
1042,荆棘の歌,シューズ,5,A,,SS,,,A,,SS,,A,ロリータ
1046,願わぬ夢,シューズ,5,A,,S,,SS,,,A,,A,
1047,放課後の記憶,シューズ,5,S,,SS,,SS,,,A,,A,
1048,桜色のぽっくり,シューズ,5,A,,S,,SS,,,S,,A,和風
1049,桜色のぽっくり(ポーズ付き),シューズ,5,SS,,A,,A,,,SS,,S,和風
1050,春色散歩,シューズ,5,A,,,SS,,SS,,A,,A,
1051,春探し,シューズ,5,A,,SS,,,S,,SS,,A,ロリータ
1053,幻想リズム,シューズ,5,A,,SS,,S,,S,,,A,中世ヨーロッパ風
1054,夢の途中,シューズ,5,A,,SS,,S,,,S,,A,中世ヨーロッパ風
1060,おさんぽパンダ,シューズ,3,B,,,S,,S,,A,,B,
1069,羽化,シューズ,5,A,,SS,,SS,,A,,,A,
1071,グレイクロウの過去,シューズ,5,A,,S,,SS,,SS,,,A,学生風
1072,突然の終わり,シューズ,5,,A,SS,,,A,,SS,,A,学生風
1073,席替え,シューズ,5,,SS,,A,,A,,SS,,A,
1076,藤蔓,シューズ,3,,S,A,,,B,,S,,A,
1083,希う人々,シューズ,5,A,,,SS,,SS,A,,,S,ロック
1086,六月の海,シューズ,5,A,,SS,,,A,,S,,A,
1087,素敵な舞台,シューズ,5,A,,A,,,SS,,S,,A,
1089,夏日,シューズ,3,A,,A,,,S,,S,,B,クラシックチャイナ
1091,星の諌言,シューズ,5,A,,SS,,SS,,B,,,B,エスニック
1092,風の記憶,シューズ,5,B,,S,,SS,,,A,A,,
1093,祈願ブーツ,シューズ,5,A,,S,,S,,,A,A,,英国風
1094,ローランの秘密話,シューズ,5,A,,S,,SS,,A,,,A,
1098,風の記憶-願,シューズ,5,A,,S,,S,,,A,A,,
1099,祈願ブーツ-願,シューズ,5,B,,S,,SS,,,A,A,,英国風
1100,ローランの秘密話-幽,シューズ,5,A,,A,,SS,,S,,,S,
1102,あの時,シューズ,5,B,,S,,S,,,B,,B,クラシックチャイナ
1104,無限のこだま,シューズ,5,SS,,A,,A,,SS,,,A,近未来
1105,波打つ心,シューズ,5,SS,,SS,,S,,,S,,B,
1106,落ち葉のさざ波,シューズ,5,A,,,SS,,S,,SS,,A,
1107,夢のさざ波,シューズ,5,A,,,SS,,A,,SS,,S,
1108,血色の薔薇,シューズ,5,S,,S,,S,,S,,,S,女神 フォーマル
1109,人魚の尾,シューズ,5,A,,SS,,A,,,SS,,A,メルヘン
1110,幸せな出会い,シューズ,5,A,,,SS,,SS,,S,,A,
1111,月は知る,シューズ,5,A,,SS,,SS,,,A,,A,クラシックチャイナ
1112,玉人迎,シューズ,5,A,,SS,,S,,,S,,S,クラシックチャイナ
1126,クルトの正体,シューズ,5,S,,,SS,,S,S,,,A,ミリタリー
1127,夢の形跡,シューズ,5,A,,SS,,SS,,A,,,A,
1128,運命の囚人,シューズ,5,A,,S,,SS,,S,,,S,
1145,ピンクのローファー,シューズ,3,B,,,S,,S,,A,,B,
1146,黒のコンパス,シューズ,5,A,,SS,,,S,,SS,,A,
1147,晴れ時々雨,シューズ,4,B,,S,,,S,,A,,S,POP
1152,龍鳳の靴,シューズ,5,B,,,SS,,A,,A,SS,,
1153,氷兎の靴,シューズ,5,S,,,SS,,S,,A,S,,
1154,掬われへの望み,シューズ,5,S,,A,,SS,,SS,,,A,和風
1155,水色の下駄,シューズ,5,,SS,,A,,S,,SS,,S,和風
1156,星柄の下駄,シューズ,5,,S,SS,,,A,,S,,A,和風
1157,影法師,シューズ,5,SS,,S,,SS,,,A,,A,小動物
1158,心躍る夏,シューズ,5,A,,,SS,,SS,,A,,S,
1159,友との祭り,シューズ,5,A,,,SS,,A,,S,,A,
1163,はっぴーリズム,シューズ,5,A,,,A,,SS,,S,,S,
1164,るんるん気分,シューズ,5,A,,,SS,,A,,SS,,A,
1167,日向でダンス,シューズ,5,,A,,B,SS,,SS,,,A,POP
1194,黄泉渡,シューズ,5,A,,S,,S,,S,,S,,和風
1206,夢の加速度,シューズ,5,A,,A,,SS,,SS,,,A,
1207,絶対的法則,シューズ,5,SS,,,SS,,A,,S,,A,
1210,編み上げブーツ,シューズ,5,SS,,,SS,,A,,A,,S,
1211,本当の願い事,シューズ,5,S,,A,,S,,SS,,S,,
1212,秘密の駆け落ち,シューズ,6,S,,,SS,,SS,,S,A,,
1213,夢と浪漫,シューズ,5,S,,SS,,SS,,,A,A,,
1216,花嵐の迷子,シューズ,5,A,,,SS,,S,,SS,,A,ロリータ
1222,ハートブーツ,シューズ,5,SS,,,SS,,A,,A,A,,
1223,歯車ブーツ,シューズ,5,A,,SS,,SS,,A,,A,,
1231,伯爵のブーツ,シューズ,5,SS,,S,,SS,,,A,A,,メルヘン
1232,雪解けの轍,シューズ,5,B,,SS,,,A,,SS,,A,
1233,ミルキーウェイ,シューズ,5,A,,,SS,,A,,SS,,A,近未来
1234,星屑の海,シューズ,5,SS,,,A,,A,,SS,,S,
1235,振幅変調,シューズ,5,S,,SS,,SS,,A,,,B,近未来
1243,秘密の足跡,シューズ,5,A,,A,,SS,,S,,A,,
1244,花の絨毯,シューズ,5,A,,SS,,A,,SS,,S,,
1251,墨色の官靴,シューズ,5,S,,SS,,S,,S,,A,,クラシックチャイナ
1253,月下の飛翔,シューズ,5,S,,SS,,S,,S,,A,,
1254,静かな時間,シューズ,5,SS,,A,,SS,,A,,,S,
1261,死出の旅,シューズ,5,A,,SS,,S,,A,,A,,
1262,失楽園,シューズ,5,A,,SS,,SS,,A,,A,,
1276,魔女の足跡,シューズ,5,A,,SS,,A,,SS,,,A,
1277,奇跡との出逢い,シューズ,5,A,,S,,,S,,SS,,A,
1279,クリスマスポンポンブーツ,シューズ,5,A,,,A,,SS,,A,S,,
1280,粉雪のヒール,シューズ,5,B,,,A,,A,,SS,S,,
1281,希望の音色,シューズ,5,A,,SS,,SS,,S,,A,,和風
1282,年の瀬,シューズ,5,A,,SS,,SS,,,A,A,,和風
1283,流星スニーカー,シューズ,5,A,,,SS,,SS,,A,,A,
1284,ハッピーウィーク,シューズ,5,A,,A,,,SS,,SS,,A,
1291,フットワーク,シューズ,5,A,,,SS,A,,SS,,,A,スポーティ
1292,オレンジサンダー,シューズ,5,A,,,SS,SS,,S,,,A,スポーティ
1293,自由主義,シューズ,5,,SS,,S,S,,A,,,S,スポーティ
1296,まじかるブーツ,シューズ,5,A,,,SS,,S,,SS,,A,
1297,スターロック,シューズ,5,S,,,SS,A,,SS,,,S,ロック
1298,夢の足音,シューズ,5,S,,SS,,SS,,A,,,A,ロック
1299,機械的心情,シューズ,5,S,,,SS,,A,SS,,,A,ロック
1300,ルート音,シューズ,5,S,,SS,,SS,,A,,,A,
1301,夢と偶像,シューズ,5,S,,,SS,,A,,SS,,A,
1302,スケートシューズ,シューズ,4,A,,SS,,A,,,S,,A,
1318,巫女の下駄,シューズ,5,S,,,SS,,A,,SS,,A,和風
1331,ボンボンショコラ,シューズ,5,A,,A,,SS,,SS,,,A,
1360,ミステリアス,シューズ,5,S,,SS,,S,,A,,A,,
1361,思考停止,シューズ,5,SS,,SS,,,A,,A,S,,
1363,甘い砲弾,シューズ,5,A,,,S,,SS,,S,,A,
1364,うさぎ競走,シューズ,4,A,,,S,,SS,,A,,A,小動物
1365,はるのまつり,シューズ,5,A,,,A,,SS,,SS,,A,
1391,ユニコーンの導き,シューズ,5,B,,SS,,SS,,A,,,S,
1394,銀の雫,シューズ,4,A,,,S,,A,,SS,,A,
1395,楽しいおでかけ,シューズ,5,A,,,SS,,SS,,A,,B,ロリータ
1396,みんなともだち,シューズ,5,A,,,S,,SS,,S,,A,ロリータ
1398,恐竜の足跡,シューズ,4,A,,,B,,SS,,S,,A,小動物
1409,めだまやき,シューズ,5,A,,,SS,,A,,SS,,A,
1416,多重建築,シューズ,5,SS,,,SS,,A,A,,,A,近未来
1444,雨粒の宝石,シューズ,5,B,,,A,,S,,S,,S,
1445,婚約日和,シューズ,5,A,,SS,,SS,,A,,A,,和風
3221,紅葉狩り,シューズ,5,C,,,B,,C,,B,C,,
