1,蝶リボンの髪飾り(赤),ヘッドアクセ,3,A,,,A,,A,,S,,S,
2,蝶リボンの髪飾り(ピンク),ヘッドアクセ,3,A,,,A,,S,,S,,S,
3,蝶リボンの髪飾り(黄),ヘッドアクセ,3,A,,,S,,A,,A,,A,
4,花カチューシャ(青),ヘッドアクセ,3,,S,,A,,A,,S,,A,
5,花カチューシャ(ピンク),ヘッドアクセ,3,,A,,A,,A,,A,,A,
6,スカーフ(ピンク),ヘッドアクセ,2,,A,B,,,S,,A,,A,
7,スカーフ(青),ヘッドアクセ,2,,A,,B,,S,,S,,A,
8,スカーフ(黄),ヘッドアクセ,1,,B,,B,,S,,A,,A,
9,さくらんぼの秘密(ピンク),ヘッドアクセ,4,,A,,S,,A,,S,,S,
10,さくらんぼの秘密(黄),ヘッドアクセ,4,,S,,S,,A,,S,,S,
11,さくらんぼの秘密(紫),ヘッドアクセ,4,,A,,S,,S,,S,,S,
12,レザー手袋,手袋,2,,A,,S,A,,A,,A,,中性風 ロック
13,センス・オブ・タイム,右手飾り,1,,S,A,,B,,,C,,A,中性風 英国風
14,パンクブレスレット,左手飾り,1,,A,A,,A,,,C,,S,中性風
15,白黒リストバンド,手袋,1,,B,,A,,A,,B,A,,中性風
16,趣味帽,ヘッドアクセ,3,,A,,S,,S,A,,A,,中性風 UV対策
17,プライベートタイム,フェイス,2,,S,,B,A,,,B,,S,中性風 UV対策
18,星のネックレス,ネックレス,3,,S,B,,,S,,A,,S,中性風
19,白ネコミミカチューシャ,ヘッドアクセ,4,S,,,S,,S,,A,,S,小動物
20,金ネコミミカチューシャ,ヘッドアクセ,4,A,,,S,,S,,A,,S,小動物
21,虎ネコミミカチューシャ,ヘッドアクセ,4,A,,,S,,S,,S,,S,小動物
22,白ネコ手袋,手袋,4,,SS,S,,,S,,S,S,,小動物
23,金ネコ手袋,手袋,4,,S,A,,,S,,S,S,,小動物
24,虎ネコ手袋,手袋,4,,A,,A,,SS,,S,S,,小動物
25,白ネコしっぽ,しっぽ,4,S,,,S,,S,,B,,S,小動物
26,金ネコしっぽ,しっぽ,4,S,,,S,,SS,A,,,S,小動物
27,虎ネコしっぽ,しっぽ,4,S,,,S,,S,A,,,S,小動物
28,星摘み(赤),ヘッドアクセ,5,S,,,A,,S,,S,,A,
29,星摘み(紺),ヘッドアクセ,5,S,,,A,,SS,,S,,A,
30,星摘み(青),ヘッドアクセ,5,S,,,S,,SS,,S,,S,
31,テディ王子(茶),ヘッドアクセ,5,S,,,S,,S,,S,,S,小動物
32,テディ王子(白),ヘッドアクセ,5,SS,,,S,,S,,S,,S,小動物
33,テディ王子(黒),ヘッドアクセ,5,S,,,S,,A,,S,,S,小動物
34,紅魔女のケープ,マフラー,3,B,,S,,S,,S,,A,,
35,シフォンショール,マフラー,1,,B,A,,A,,B,,,A,
36,薔薇の礼帽,ヘッドアクセ,5,SS,,S,,,SS,,SS,,B,ロリータ
37,薔薇のチェーン,腰飾り,3,S,,,A,,S,,B,,A,
38,薔薇のチョーカー,ネックレス,3,,A,,A,,S,,S,,A,ロリータ
39,薔薇の恋,右手持ち,4,,S,,S,,S,,S,,S,ロリータ
40,ギアの礼帽,ヘッドアクセ,4,S,,S,,B,,,SS,,A,中世ヨーロッパ風
41,レトロモノクル,フェイス,4,S,,SS,,,B,,B,,S,英国風
42,レトロステッキ,右手持ち,5,,S,S,,A,,,S,,S,英国風
43,スチームパンクベルト,腰飾り,4,SS,,A,,,B,,B,,SS,英国風
44,金色の扇子,左手持ち,3,S,,S,,S,,A,,,A,中世ヨーロッパ風
45,花のフォーマル帽,ヘッドアクセ,5,SS,,S,,,A,,A,S,,UV対策 お嬢様
46,シルク手袋,手袋,3,,B,S,,S,,A,,A,,お嬢様
47,華鶯,ネックレス,3,S,,A,,,S,,B,,S,お嬢様
48,貴婦人の帽子,ヘッドアクセ,5,SS,,SS,,,A,B,,SS,,中世ヨーロッパ風
49,金玉のキセル,右手持ち,4,S,,A,,S,,S,,,S,中世ヨーロッパ風
50,百合宝石,ヘッドアクセ,4,S,,SS,,,B,,B,,S,女神
51,羽影ケープ,マフラー,2,B,,S,,B,,,B,,A,女神
52,百合ブレスレット,右手飾り,5,SS,,SS,,,A,,B,,S,女神
53,百合ベルト,腰飾り,5,SS,,SS,,,B,S,,,S,
54,百合霊石,ネックレス,4,S,,SS,,A,,B,,,SS,
55,花の精の手袋,手袋,4,S,,S,,A,,A,,S,,ウェディング
56,ライムレモン,ヘッドアクセ,4,S,,,S,,S,,S,,A,
57,ヨーロッパ風礼帽(青),ヘッドアクセ,3,S,,S,,,A,,A,A,,
58,ヨーロッパ風礼帽(赤),ヘッドアクセ,3,S,,S,,,A,,A,B,,
59,ヨーロッパ風礼帽(ピンク),ヘッドアクセ,3,A,,S,,,S,,S,A,,
60,ニットストール(黄),マフラー,3,,A,B,,,A,,S,A,,
61,ニットストール(赤),マフラー,3,,A,,A,,S,,A,A,,
62,ニットストール(白),マフラー,3,,S,,B,,S,,S,A,,
63,ニットストール(青),マフラー,3,,A,,A,,S,,A,A,,
64,近視メガネ,フェイス,2,,A,A,,,C,,S,,S,OL
65,白ベルト,腰飾り,1,,A,A,,A,,B,,,B,
66,鶯のさえずり,ヘッドアクセ,4,,S,S,,,S,,A,,A,クラシックチャイナ
67,R-鶯のさえずり,ヘッドアクセ,5,S,,S,,,S,,S,,S,クラシックチャイナ
68,アフタヌーンティー,ヘッドアクセ,3,,S,S,,,C,,B,S,,英国風
69,コージー,ヘッドアクセ,3,,S,S,,B,,,S,S,,英国風
70,晩秋の再会,マフラー,3,,S,S,,S,,,A,A,,英国風
71,ナース手袋,手袋,4,,S,,S,,S,A,,A,,メディカル
72,ナースキャップ,ヘッドアクセ,3,,S,,A,,A,A,,,S,メディカル
73,金魚の恋,右手持ち,3,,S,,A,,A,,A,,S,和風
74,うちわ・西情,左手持ち,2,,A,,A,,A,,S,,S,和風
75,カウガールイヤリング,耳飾り,3,,S,B,,A,,A,,,S,
76,R-カウガールイヤリング,耳飾り,4,,S,A,,S,,S,,,S,
77,カウボーイハット,ヘッドアクセ,3,,A,,A,,S,A,,,S,中性風
78,R-カウボーイハット,ヘッドアクセ,4,S,,,S,,B,S,,,S,中性風
79,カウボーイネッカチーフ,マフラー,3,,A,B,,,S,,S,A,,ワル
80,R-カウボーイネッカチーフ,マフラー,4,,B,,S,,S,,S,S,,ワル
81,メイド-ブリム,ヘッドアクセ,3,,A,A,,,S,A,,,S,メイド
82,スイーティメイド-ブリム,ヘッドアクセ,4,,A,S,,,S,A,,,A,メイド
83,メイドホワイトブリム,ヘッドアクセ,5,S,,S,,,S,S,,,S,メイド
84,メイド-チョーカー,ネックレス,3,,S,S,,,B,S,,,A,メイド
85,R-メイドチョーカー,ネックレス,4,,A,,S,,S,A,,,A,メイド
86,SR-メイドチョーカー,ネックレス,5,S,,,S,,S,S,,,S,メイド
87,メイド-付け袖,手袋,3,,A,S,,,S,A,,,S,メイド
88,スイーティメイド-付け袖,手袋,4,,A,A,,,SS,S,,,S,メイド
89,メイド付け袖,手袋,5,,S,SS,,,S,S,,,S,メイド
90,本革財布,左手持ち,4,,A,S,,S,,S,,,A,
91,パールネックレス,ネックレス,2,,B,S,,,B,,B,,S,
92,街風黒帽,ヘッドアクセ,2,,A,S,,A,,A,,A,,中性風
93,迷いのネックレス,ネックレス,1,,A,S,,,B,,C,,S,
94,満開,ヘッドアクセ,3,,S,B,,,A,S,,,S,
95,R-満開,ヘッドアクセ,4,S,,SS,,A,,B,,,SS,
96,SR-満開,ヘッドアクセ,5,SS,,A,,A,,S,,SS,,
97,開花,耳飾り,3,,S,S,,A,,A,,,A,
98,R-開花,耳飾り,4,,S,A,,S,,S,,,A,
99,SR-開花,耳飾り,5,S,,SS,,S,,S,,,S,
100,海上珠,ネックレス,3,,A,S,,A,,A,,,S,
101,R-海上珠,ネックレス,4,S,,S,,S,,A,,,S,
102,SR-海上珠,ネックレス,5,S,,A,,S,,S,,,S,
103,海上珠チェーン,左手飾り,3,,A,S,,A,,,S,,A,
104,R-海上珠チェーン,左手飾り,4,,C,S,,S,,,SS,,S,
105,SR-海上珠チェーン,左手飾り,5,S,,S,,S,,,SS,,S,
109,夏の香り,ヘッドアクセ,2,,A,,B,,A,,S,,A,
110,パンダのナイトキャップ,ヘッドアクセ,3,,S,,A,,A,,S,A,,ナイトウェア
111,ハートのナイトキャップ,ヘッドアクセ,3,,A,,A,,A,,S,A,,ナイトウェア
112,タッセルイヤリング,耳飾り,2,S,,B,,S,,A,,,A,
113,チェーンネックレス,ネックレス,2,A,,,A,A,,A,,,A,ロック
117,夢のヴェール,ヴェール,4,S,,S,,S,,,S,,S,ウェディング
118,純愛のブーケ,ヘッドアクセ,3,S,,,A,S,,,B,,S,ウェディング
119,純愛のイヤリング,耳飾り,2,,S,A,,B,,B,,,S,ウェディング
120,ダイヤのネックレス,ネックレス,3,A,,S,,B,,S,,,A,ウェディング
121,幸せのブーケ,右手持ち,3,A,,S,,,A,,A,,A,ウェディング
122,トナカイ帽,ヘッドアクセ,3,,A,,S,,S,,S,A,,小動物
123,R-トナカイ帽,ヘッドアクセ,4,,A,,A,,S,,S,A,,小動物
124,マルチカラーマフラー,マフラー,4,,S,,S,,S,,S,S,,森ガール
125,星飾り,ヘッドアクセ,6,SS,,SS,,S,,,B,,S,メルヘン
126,星の海チェーン,ネックレス,6,S,,SS,,S,,S,,,SS,メルヘン
127,星の海グローブ,手袋,6,S,,SS,,S,,S,,S,,メルヘン フォーマル
128,黒花ヘアバンド,ヘッドアクセ,3,A,,A,,A,,A,,,S,ゴシック
129,魔花チョーカー,ネックレス,3,A,,S,,,S,A,,,A,ゴシック
130,魔花ブレスレット,右手飾り,3,A,,S,,A,,A,,,A,ゴシック
131,SR-蘭飾り,ヘッドアクセ,5,S,,SS,,,S,,A,,S,クラシックチャイナ
132,SR-紫蘭飾り,ヘッドアクセ,5,SS,,SS,,,S,,B,,S,クラシックチャイナ
133,霞海月,ヘッドアクセ,3,,A,,A,,S,,S,,S,メルヘン
134,蒼海,耳飾り,2,,A,,A,,A,,A,,A,メルヘン
135,波の帯,手袋,3,,A,,A,,A,,A,,S,メルヘン
136,R-霞海月,ヘッドアクセ,5,S,,,S,,A,,S,,S,メルヘン
137,R-蒼海,耳飾り,5,S,,,A,,A,,S,,S,メルヘン
138,R-波の帯,手袋,5,S,,,S,,S,,S,,S,メルヘン
139,血楓の襟巻,ヴェール,3,A,,,A,,A,,S,,S,ワル
140,R-紅楓の襟巻,ヴェール,4,A,,,S,,S,,S,A,,ワル
141,狐面,ヘッドアクセ,4,S,,S,,,S,A,,,A,和風
142,撒菱(まきびし),右手持ち,5,,S,,S,,S,,SS,,S,ワル
143,苦無(くない),左手持ち,5,,S,,S,,S,,S,,S,ワル
144,SR-紅楓の襟巻,ヴェール,5,S,,,S,,SS,,S,,S,ワル
145,沙華,ネックレス,3,,A,S,,A,,A,,,A,
146,R-沙華,ネックレス,4,B,,,S,,S,,S,,S,
147,SR-沙華,ネックレス,5,S,,,S,,S,,S,,S,
148,彼岸花の飾り,タトゥー,5,S,,,SS,S,,S,,,S,
149,芥子飾り,ヘッドアクセ,5,A,,SS,,SS,,,A,,A,
150,錦の鼓,ボディ,5,A,,,SS,,SS,,A,,A,
151,蘭飾り,ヘッドアクセ,3,,A,S,,,A,,S,,A,クラシックチャイナ
152,R-蘭飾り,ヘッドアクセ,4,,A,S,,S,,A,,,S,クラシックチャイナ
153,雀瓏,ヘッドアクセ,5,S,,B,,SS,,S,,,S,クラシックチャイナ
154,雀屏,フェイス,5,S,,S,,S,,S,,,S,クラシックチャイナ
155,雀霊,耳飾り,5,SS,,S,,,A,S,,,SS,
156,雀輪,手袋,5,SS,,A,,B,,S,,,SS,クラシックチャイナ 女神
157,雀帯,マフラー,5,S,,SS,,B,,S,,,SS,クラシックチャイナ
158,薔薇の花,フェイス,4,S,,S,,S,,A,,,A,
159,添香,耳飾り,5,SS,,SS,,S,,B,,,S,
160,花カチューシャ,ヘッドアクセ,2,,A,,A,,A,,A,,S,
161,刺繍バッグ,右手持ち,3,,A,,A,,A,,S,,A,お嬢様
162,グリーンティー傘,右手持ち,4,,S,B,,,S,,S,,S,雨の日 UV対策
163,赤マント,ヴェール,3,,A,,S,,A,,A,S,,メルヘン ロリータ
164,赤ずきんの腕輪,手袋,4,,B,,S,,S,,S,,S,メルヘン ロリータ
165,SR-赤マント,ヴェール,5,S,,,S,,SS,,S,S,,メルヘン ロリータ
166,童話の猟銃,右手持ち,5,,B,,S,,S,,SS,,S,メルヘン
167,赤ずきんのかご,左手持ち,5,,S,,S,,S,,S,,S,メルヘン
170,少女めがね,フェイス,2,,A,S,,,A,,B,,A,学生風
171,装丁ノート,右手持ち,3,,A,S,,,S,,A,,S,学生風
172,舞姫のヴェール,ヴェール,4,S,,S,,,A,S,,,A,ダンサー インド風
173,舞姫のイヤリング,耳飾り,3,S,,,B,A,,A,,,A,ダンサー インド風
174,舞姫の首飾り,ネックレス,4,S,,A,,A,,S,,,S,ダンサー インド風
175,舞姫の腕飾り,手袋,4,S,,B,,,A,S,,,SS,ダンサー インド風
176,銀河,マフラー,4,S,,S,,A,,S,,,A,
177,自然の贈り物,マフラー,4,,S,,S,,A,,S,S,,冬服
178,百花-手袋,手袋,5,,S,,S,,S,,SS,S,,冬服
179,ペンギン帽,ヘッドアクセ,2,,A,,A,,A,,A,A,,冬服
180,桃色ハンドバッグ,右手持ち,3,,S,,S,,S,,S,,B,冬服
182,茶色の耳当て,ヘッドアクセ,2,,A,,A,,A,,A,A,,冬服
183,百花-帽子,ヘッドアクセ,4,,A,,S,,A,,S,S,,冬服
184,紺色ニット帽,ヘッドアクセ,2,,A,,A,,S,,A,S,,冬服
185,雪花ココ,マフラー,4,,S,,S,,S,,S,S,,冬服
187,想いの徽章(ピンク),ヘッドアクセ,3,,A,S,,,A,,A,A,,英国風 UV対策
189,想いの徽章(グレー),ヘッドアクセ,3,,A,A,,,S,,A,A,,英国風 UV対策
194,アラジン(黒),ヘッドアクセ,4,S,,,S,,S,,S,A,,
195,イチゴ帽,ヘッドアクセ,4,A,,,A,,S,,S,,A,
196,貴婦ウサ帽(青),ヘッドアクセ,4,S,,,S,,S,,A,,S,小動物
197,貴婦ウサ帽(白),ヘッドアクセ,4,S,,,S,,S,,A,,S,小動物
198,貴婦ウサ帽(黒),ヘッドアクセ,4,S,,,S,,S,,A,,S,小動物
200,パティシエ帽,ヘッドアクセ,3,,A,,S,,A,,A,,A,
201,セイラー帽,ヘッドアクセ,3,,A,,S,,A,,A,,A,
202,バニーガールの頭飾り,ヘッドアクセ,4,S,,,S,,S,A,,,S,バニー
203,12月の手袋,手袋,3,,A,,A,,S,,S,A,,冬服
204,配達少女,ヘッドアクセ,2,,A,,B,,S,,A,,A,UV対策
205,エプロン,腰飾り,3,,A,,S,,S,,A,,C,メイド エプロン
206,聴診器,マフラー,3,,S,S,,S,,A,,,A,メディカル
207,白ウサギ,ヘッドアクセ,4,,S,,A,,S,,S,,A,メルヘン バニー
208,三月ウサギ,右手持ち,4,,S,,A,,S,,S,,A,メルヘン
209,海魂スカーフ,ヴェール,4,,S,,S,,S,,A,A,,
210,あざらし,ヘッドアクセ,2,,A,,A,,A,,A,,A,
211,敬虔なる花,ヘッドアクセ,2,A,,B,,,A,,A,,S,
212,敬虔の首飾り,ネックレス,4,,S,S,,,S,,S,,S,
213,可愛い子鹿,ヘッドアクセ,4,S,,,S,,S,,S,A,,森ガール 小動物
214,花リボン,右手飾り,3,,S,,A,,A,,A,,A,
215,スクールバッグ,右手持ち,3,,A,,S,,S,,A,,A,学生風
216,生クリームケーキ,ヘッドアクセ,4,S,,,S,,S,,S,,S,
217,ケーキの飾り,手袋,3,A,,,S,,A,,S,,A,
218,ケーキコンプレックス,ネックレス,3,,S,,A,,S,,A,,A,
219,発明家の眼鏡,ヘッドアクセ,3,A,,,A,,A,,S,,A,中性風
220,年代ステッキ,右手持ち,3,,S,S,,,B,,A,,S,英国風
221,スイーツハート-ネックレス,ネックレス,2,,A,,A,,A,,A,,A,
222,金箔のヘアバンド,ヘッドアクセ,4,SS,,S,,,A,,A,,S,
223,スイーツハート-頭飾り,ヘッドアクセ,2,,A,,B,,A,,A,,A,ロリータ
224,ヒナギク帽,ヘッドアクセ,5,,B,,B,,B,,B,,B,
225,スイーツハート-バッグ,右手持ち,3,,S,,A,,A,,A,,A,お嬢様
226,花芯ネックレス,ネックレス,5,C,,,B,,B,,B,,B,
227,パフのヘッドアクセ,ヘッドアクセ,3,S,,,A,,A,,A,,S,ロリータ
228,パフのレーススカーフ,手袋,2,B,,,A,,A,,A,,A,ロリータ
229,パフのポシェット,ボディ,2,,A,,A,,A,,S,,A,ロリータ
230,パフのラッフルカラー,ネックレス,3,B,,S,,,S,,A,,A,ロリータ
231,占い師帽,ヘッドアクセ,5,A,,B,,,S,,S,,A,メルヘン
232,星月夜,ネックレス,5,SS,,A,,,A,S,,,S,ロリータ
233,真珠の首飾り,ネックレス,3,A,,A,,S,,A,,,A,
234,ふんわりドレスの首飾り,ネックレス,3,,S,A,,A,,A,,,S,
235,ふんわりドレスの腕飾り,左手飾り,2,,A,S,,A,,A,,,A,
236,赤い腕時計,右手飾り,2,,A,B,,,S,,A,,A,
237,ボーンチョーカー,ネックレス,2,B,,,B,A,,S,,,A,ロック
238,リベットグローブ,手袋,3,,B,,S,A,,S,,S,,ロック
239,赤砂の頭飾り,ヘッドアクセ,5,A,,S,,S,,,C,,A,
241,金木犀,ヘッドアクセ,4,,B,S,,,A,S,,,S,
242,配達員,ヘッドアクセ,3,,,,,,,,,,,
243,青い女優帽,ヘッドアクセ,3,,S,S,,,S,A,,,S,UV対策
244,星のチョーカー,ネックレス,3,,A,,A,,A,,A,,A,
245,海辺のブレスレット,右手飾り,3,S,,A,,,B,S,,,S,
246,ハートのチョーカー,ネックレス,3,A,,,A,,S,,S,,A,
247,蝶のベール,ヘッドアクセ,5,S,,S,,S,,S,,,S,メルヘン
248,蝶の腕飾り,手袋,5,S,,,B,SS,,S,,,SS,メルヘン 小動物
249,R-赤マント,ヴェール,4,,S,,S,,S,,A,A,,メルヘン ロリータ
250,にゃんこチョーカー,ネックレス,4,,S,,A,,S,,S,,S,
251,悪魔のブレスレット,右手飾り,4,S,,,A,,S,A,,,S,
252,バラ園の鞄,右手持ち,4,S,,,B,,A,,S,,S,ロリータ
253,リボンの花,ヘッドアクセ,4,,S,,S,,S,,S,,S,ロリータ
254,昼下がりの礼帽,ヘッドアクセ,3,S,,,S,,S,,A,,A,ロリータ
255,昼下がりのリボン,耳飾り,3,A,,,B,,S,,A,,S,ロリータ
256,昼下がりのバッグ,ボディ,3,,A,,B,,S,,A,,S,ロリータ
257,昼下がりの手袋,手袋,4,S,,,A,,S,,S,A,,ロリータ
258,闇夜の帽子,ヘッドアクセ,4,S,,A,,,S,,S,,A,ゴシック ロリータ
259,黒い瞳,フェイス,3,S,,A,,S,,,A,,SS,ゴシック ロリータ
260,闇夜のネックレス,ネックレス,3,A,,S,,B,,S,,,S,ゴシック ロリータ
261,闇夜傘,右手持ち,3,A,,A,,,S,,A,,A,ゴシック UV対策
266,完璧な拡大鏡,フェイス,3,S,,A,,S,,,C,,S,中世ヨーロッパ風
267,リリス図典,右手持ち,4,S,,A,,S,,,S,,S,OL
268,ルカのリボン,ヘッドアクセ,3,A,,,A,,S,,S,,A,ロリータ
269,ルカのポシェット,ボディ,3,,A,,A,,A,,S,,S,ロリータ
270,ルカのブレスレット,手袋,3,B,,,S,,A,,A,,S,ロリータ
271,ウェイストの頭飾り,ヘッドアクセ,4,S,,,B,A,,,S,,S,ボヘミアン
272,ウェイストの首飾り,ネックレス,3,S,,,B,A,,,B,,SS,ボヘミアン
273,ウェイストのバッグ,右手持ち,3,,S,,B,,A,,S,,S,ボヘミアン
274,スパイのチョーカー,ネックレス,3,,A,A,,A,,A,,,S,ロック
275,スパイの手袋,手袋,3,S,,,S,,B,A,,,S,ロック
276,赤霞の扇,右手持ち,4,S,,A,,,B,,A,,SS,モダンチャイナ
277,煙雨の扇,右手持ち,4,S,,S,,,B,,S,,S,モダンチャイナ
278,霞色のポシェット,ボディ,3,,S,,A,,S,,A,,A,ロリータ
279,きらきらドレスの首飾り,ネックレス,4,,S,A,,A,,S,,A,,中世ヨーロッパ風
280,きらきらドレスの腕飾り,左手飾り,3,,B,A,,A,,A,,,A,
281,黄金のブレスレット,右手飾り,4,A,,S,,S,,S,,,S,
282,シンプルなネックレス,ネックレス,3,,A,S,,S,,,A,,S,
283,金葉のリボン,手袋,4,S,,S,,S,,S,,,S,
284,金葉の耳飾り,耳飾り,3,S,,S,,S,,,C,,S,
285,銀河のイヤリング,耳飾り,5,A,,,A,,A,,A,,A,
286,銀河の首飾り,ネックレス,5,B,,,A,,A,,A,A,,
287,星夜の傘,右手持ち,5,A,,A,,,A,,A,,A,UV対策
288,絵描き帽,ヘッドアクセ,5,,A,A,,A,,,A,A,,
292,優雅な天使,ボディ,5,,A,S,,,A,,A,,A,
296,白雪の手袋,手袋,5,,A,A,,A,,A,,A,,
297,シルクの手袋(茶),手袋,5,,B,SS,,S,,S,,S,,
299,シルクの手袋(黒),手袋,5,,B,S,,S,,S,,S,,
300,靄の蝶(茶),右手持ち,3,,A,S,,A,,,S,,A,
301,靄の蝶(赤),右手持ち,3,,S,S,,,B,,B,S,,
302,靄の蝶(紺),右手持ち,3,,SS,SS,,,B,,A,B,,
304,芳花の腕飾り,右手飾り,2,A,,,A,,A,,A,,A,
305,芳花の首飾り,ネックレス,2,A,,,A,,A,,A,,A,
306,白雪の綿帽子,ヘッドアクセ,5,,A,B,,,A,,A,S,,
310,奇跡の首飾り,ネックレス,5,A,,,A,,A,,A,,A,
311,風に舞うリボン,ヘッドアクセ,4,,SS,,A,,S,,A,,A,
313,紅紫檀の珠,右手飾り,5,,A,,A,,A,,A,,A,
315,特注帽子,ヘッドアクセ,3,,A,SS,,,A,,A,A,,
316,紫の蝶ネクタイ,ネックレス,4,S,,S,,,A,,S,S,,
317,金属の腕輪,右手飾り,3,B,,S,,B,,B,,,S,
318,ミニトライアングル,耳飾り,4,,S,A,,S,,S,,,S,
319,深緑の葉,ヘッドアクセ,4,,S,S,,,B,,B,,S,
320,真珠の水玉ネックレス,ネックレス,3,S,,S,,C,,,S,,S,
321,パールのヘアピン,ヘッドアクセ,2,,A,B,,,S,,S,,A,
322,十字架のブレスレット,左手飾り,3,C,,,S,S,,S,,,S,
323,リベットブレス,右手飾り,3,B,,,S,S,,A,,,S,
328,セレブの首飾り,ネックレス,4,S,,S,,A,,A,,,S,
329,月桂樹の輪,左手飾り,4,S,,,A,,S,,S,,S,
330,セレブの耳飾り,耳飾り,3,A,,A,,S,,A,,,A,
334,青ダイヤの耳飾り,耳飾り,3,A,,S,,A,,A,,,A,
335,赤ダイヤの耳飾り,耳飾り,3,C,,S,,S,,S,,,S,
336,星の耳飾り,耳飾り,3,,S,,S,B,,B,,,S,
337,セレブのストール,マフラー,4,S,,S,,S,,B,,S,,
338,穂のイヤリング(桃),耳飾り,4,SS,,S,,B,,,S,,B,
341,穂のイヤリング(黒),耳飾り,4,S,,B,,S,,S,,,S,
342,雲上結び(赤),耳飾り,4,S,,S,,S,,B,,,S,
343,雲上結び(青),耳飾り,4,S,,S,,A,,S,,,S,
344,雲上結び(紫),耳飾り,4,A,,S,,S,,S,,,S,
345,雲上の珠(赤),耳飾り,3,B,,,B,S,,S,,,S,
346,雲上の珠(青),耳飾り,3,B,,,B,S,,S,,,S,
347,雲上の珠(黄),耳飾り,3,B,,,B,S,,S,,,S,
348,月桂樹の頭飾り,ヘッドアクセ,5,S,,S,,,S,,S,,S,
349,冬の贈り物,ネックレス,4,,S,B,,,S,,B,,S,
350,もこもこイヤリング(大),耳飾り,3,,S,,B,,S,,S,B,,
351,もこもこイヤリング(小),耳飾り,2,,A,,A,,A,,A,A,,
352,フォックステイル,しっぽ,5,S,,A,,SS,,SS,,,A,
359,アフタヌーンティー(灰),ヘッドアクセ,3,,S,S,,B,,,B,S,,英国風
360,アフタヌーンティー(赤),ヘッドアクセ,3,,B,S,,B,,,B,S,,英国風
361,アフタヌーンティー(茶),ヘッドアクセ,3,,B,S,,S,,,B,S,,英国風
365,団扇(桜),左手持ち,2,B,,C,,,S,,S,,S,和風
366,団扇(白),左手持ち,2,C,,A,,,A,,A,,A,和風
367,団扇(女子),左手持ち,2,A,,A,,,A,,A,,A,和風
374,バンダナ(灰色模様),マフラー,4,,S,B,,B,,,SS,S,,ワル
375,バンダナ(青模様),マフラー,4,,S,S,,B,,,S,S,,ワル
376,バンダナ(黒模様),マフラー,4,,B,SS,,S,,,B,S,,ワル
383,黄色いバラ,ヘッドアクセ,4,SS,,B,,B,,,SS,,S,
384,青いバラ,ヘッドアクセ,4,S,,S,,S,,,B,,S,
385,赤いバラ,ヘッドアクセ,4,S,,B,,B,,,S,,S,
386,ピンクのバラ,ヘッドアクセ,4,S,,S,,,B,,S,,S,
387,普通のメガネ(赤),フェイス,2,,S,,C,,C,,S,,S,OL
388,普通のメガネ(黒),フェイス,2,,S,,B,,B,,B,,S,OL
389,普通のメガネ(青),フェイス,2,,S,,B,,B,,S,,A,OL
390,赤いベルト,腰飾り,1,,A,C,,C,,S,,,A,
391,茶色のベルト,腰飾り,1,,C,S,,C,,S,,,A,
392,ベージュのベルト,腰飾り,1,,A,A,,A,,,A,,A,
393,夏色リボンカチューシャ(桃),ヘッドアクセ,2,,A,,A,,A,,A,,A,
394,夏色リボンカチューシャ(紫),ヘッドアクセ,2,,B,,C,,S,,S,,S,
395,夏色リボンカチューシャ(青),ヘッドアクセ,2,,A,,A,,A,,A,,A,
403,惑星のイヤリング,耳飾り,4,SS,,A,,A,,A,,,SS,
404,愛の手袋,手袋,4,S,,S,,S,,S,,,B,
405,レースのうさ耳,ヘッドアクセ,4,,B,,SS,B,,SS,,,SS,
406,愛の鎖,ネックレス,4,B,,,B,S,,S,,,S,
407,真珠の首飾り(桜桃),ネックレス,4,,A,,S,,S,,S,,S,
408,真珠の首飾り(薔薇),ネックレス,3,,S,,A,,A,,S,,A,
409,赤いスカーフ,ヘッドアクセ,3,,B,S,,S,,,B,S,,
410,赤色のマフラー,マフラー,4,,A,S,,,A,,A,SS,,
411,小さな探偵さん帽子,ヘッドアクセ,4,A,,,SS,A,,,A,SS,,
433,精霊の皇后,ヴェール,5,S,,S,,S,,,A,A,,
434,氷晶のイヤリング,耳飾り,5,S,,A,,S,,A,,,A,
435,氷晶のネックレス,ネックレス,5,S,,S,,S,,A,,,A,
436,氷晶の手袋,手袋,5,S,,S,,S,,S,,A,,
437,楽しい時間,耳飾り,5,,A,,S,,S,,A,,A,
438,楽園のリボン,ヘッドアクセ,5,,A,,S,,S,,A,,A,
439,ハートの風船,左手持ち,5,A,,,S,,S,,A,,A,
440,おそろいのネックレス,ネックレス,5,S,,A,,,A,S,,,A,
441,おそろいのブレスレット,右手飾り,5,S,,A,,,A,S,,,A,
442,お気に入りのウサギ帽,ヘッドアクセ,5,A,,,S,,A,,A,,B,小動物
443,うさぎ風船,左手持ち,5,B,,,A,,A,,A,,A,小動物
444,赤いランドセル,右手持ち,5,,B,,A,,S,,A,,A,小動物
445,ブラックスワンの髪飾り,ヘッドアクセ,6,S,,SS,,S,,B,,,S,
446,ブラックスワンの耳飾り,耳飾り,6,A,,SS,,A,,S,,,S,
447,欲望の黒ダイヤ,ネックレス,6,S,,S,,S,,S,,,A,
448,ブラックダイヤの腕飾り,右手飾り,6,A,,S,,S,,S,,,S,
449,ブラックスワンの羽・夢,前景,6,SS,,S,,S,,S,,,S,
450,雪の首飾り,ネックレス,5,S,,S,,S,,B,,,S,
451,ホワイトスワンの耳飾り,耳飾り,5,S,,S,,,S,,A,,S,
452,クリスタルの腕飾り,右手飾り,5,A,,S,,A,,,S,,S,
453,ホワイトスワンの髪飾り,ヘッドアクセ,5,A,,S,,A,,,S,,S,
454,ホワイトスワンの羽・夢,前景,5,S,,S,,,A,,S,,A,
456,インテリの眼差し,フェイス,3,,A,A,,,A,,A,,B,
458,ブラックスワンの羽,前景,6,S,,S,,S,,S,,,S,
459,ホワイトスワンの羽,前景,5,A,,S,,,A,,A,,A,
463,蛍灯,前景,5,SS,,S,,A,,,A,,SS,モダンチャイナ
464,金ボタンのリボン(白),ヘッドアクセ,3,,A,S,,,A,,S,,B,英国風
465,金ボタンのリボン(青),ヘッドアクセ,3,,A,S,,,B,,S,,A,英国風
466,トレンドリーダー(弟),フェイス,4,A,,A,,S,,SS,,,A,UV対策
467,トレンドリーダー(妹),フェイス,4,A,,A,,S,,SS,,,A,UV対策
468,トレンドリーダー(兄),フェイス,4,B,,SS,,S,,A,,,A,UV対策
469,ビーチハット(茶),ヘッドアクセ,4,,A,,SS,,S,,A,,A,UV対策
470,ビーチハット(白),ヘッドアクセ,4,,S,S,,,A,,SS,,B,UV対策
471,ビーチハット(青),ヘッドアクセ,4,,A,S,,,B,,SS,,A,UV対策
472,涼風のブレスレット,右手飾り,3,A,,S,,B,,,S,,A,モダンチャイナ
473,涼風のパレオ,腰飾り,3,A,,S,,B,,,A,,S,モダンチャイナ
474,探偵帽,ヘッドアクセ,4,,A,SS,,B,,,S,A,,エスニック
475,金属のバングル,右手飾り,4,,A,S,,S,,,S,,A,エスニック
476,思い出のマフラー,マフラー,4,A,,,A,,SS,,A,S,,エスニック
477,忘れじの時,耳飾り,5,SS,,SS,,S,,A,,,A,
478,蛍花のかんざし,ヘッドアクセ,5,SS,,A,,A,,SS,,,A,
479,月光下の蛍,右手飾り,5,SS,,A,,A,,SS,,,S,
480,花柄の便箋に,手袋,5,A,,SS,,A,,SS,,S,,
481,朝露の誘い,ヘッドアクセ,3,,S,,S,B,,,B,,B,雨の日 ワル
482,花影の破片,フェイス,3,,S,,B,A,,S,,,B,クラシックチャイナ ワル
483,麒麟剣,左手持ち,3,S,,,S,A,,,A,,B,クラシックチャイナ ワル
484,つば広礼帽,ヘッドアクセ,2,,S,S,,B,,,A,,B,UV対策
485,R-つば広礼帽,ヘッドアクセ,3,,S,B,,,SS,,A,,B,UV対策 中世ヨーロッパ風
486,墨蘭の扇,右手持ち,5,A,,SS,,SS,,A,,,A,モダンチャイナ
487,小花の髪飾り,ヘッドアクセ,3,,A,B,,,S,,SS,,B,
488,恋のイヤリング,耳飾り,4,A,,SS,,,S,A,,,A,
489,二羽の蝶,ヘッドアクセ,3,,B,S,,,S,,A,,B,小動物
490,チェリーのイヤリング(小),耳飾り,2,B,,,S,,S,,B,,A,
491,チェリーのイヤリング(長),耳飾り,3,A,,,S,,S,,A,,B,
492,麦の穂バッグ(茶),ボディ,3,,A,S,,S,,,A,A,,英国風
493,麦の穂バッグ(赤),ボディ,3,,A,S,,S,,,A,B,,英国風
494,麦の穂バッグ(桃),ボディ,3,,A,S,,,S,,A,A,,英国風
495,麦の穂バッグ(白),ボディ,3,,A,S,,S,,,B,A,,英国風
496,チョコレートボックス(黒),右手持ち,3,,S,S,,B,,A,,,A,
497,チョコレートボックス(黄),右手持ち,3,,S,S,,B,,A,,,A,
498,真珠の貝殻(桃),右手持ち,3,,S,A,,S,,B,,,B,
499,真珠の貝殻(黒),右手持ち,3,,S,A,,S,,A,,,A,
500,天上月の玉,耳飾り,3,,A,A,,S,,,A,,A,クラシックチャイナ
501,夕月,ヘッドアクセ,4,S,,A,,SS,,B,,,A,クラシックチャイナ
502,青磁-バッグ,右手持ち,5,S,,SS,,A,,,SS,,A,モダンチャイナ
503,祥雲の舞-バッグ,右手持ち,5,S,,SS,,S,,,SS,,A,モダンチャイナ
504,迷彩帽,ヘッドアクセ,4,,A,,S,S,,A,,A,,ミリタリー
505,迷彩の手袋,手袋,3,,B,,SS,S,,A,,B,,ミリタリー
506,月石の鎖,右手飾り,5,S,,SS,,A,,,S,,A,クラシックチャイナ
507,月香の光,前景,5,A,,S,,A,,,SS,,S,クラシックチャイナ
508,月水の輝き,ヘッドアクセ,5,,S,SS,,S,,,S,,A,クラシックチャイナ
510,月光石,ネックレス,5,,A,S,,,A,,SS,,A,クラシックチャイナ
511,千重の月,後景,5,,A,SS,,S,,,S,,S,クラシックチャイナ
517,雅な花,ヘッドアクセ,6,S,,SS,,,S,,SS,,S,
518,花と鶯,耳飾り,6,,A,SS,,S,,,SS,,A,
519,蝶々舞,前景,6,SS,,S,,,S,,SS,,A,
520,落涙の珠,右手飾り,6,S,,SS,,,S,,SS,,S,
521,花の調べ(紫),ヘッドアクセ,6,A,,SS,,,S,SS,,,A,
522,花と鶯(紫),耳飾り,6,,S,SS,,SS,,S,,,S,
523,落涙の珠(青),右手飾り,6,SS,,SS,,,S,,A,,S,
524,青花の頭飾り,ヘッドアクセ,4,,A,A,,S,,,SS,,A,
525,青花の首飾り,ネックレス,4,,SS,A,,S,,,A,,A,
526,青花の腕飾り,右手飾り,4,,S,A,,B,,,SS,,S,
528,SR-謎のパールチェーン,ヘッドアクセ,5,SS,,SS,,A,,A,,,S,エスニック
529,タロットカード,左手持ち,5,SS,,SS,,,A,A,,,A,
530,R-予告状,右手持ち,5,A,,SS,,,SS,,A,,A,
531,R-サファイアの礼帽,ヘッドアクセ,5,A,,S,,SS,,A,,A,,中性風 中世ヨーロッパ風
532,R-怪盗のマスク,フェイス,5,S,,S,,A,,SS,,,S,中性風 中世ヨーロッパ風
533,怪盗の手袋,手袋,5,,S,SS,,,A,S,,SS,,中世ヨーロッパ風
534,R-毛糸の帽子,ヘッドアクセ,5,A,,,A,,SS,,SS,S,,小動物
535,琥珀の花,ヘッドアクセ,4,S,,SS,,,B,,A,,S,
536,如意の輪,ネックレス,4,SS,,S,,S,,A,,,B,
537,絹の手巾,右手持ち,4,,S,S,,,A,,A,,A,
538,あの頃の夢,ヘッドアクセ,4,,A,,A,,SS,,S,,A,
539,ドラムバッグ(桃),右手持ち,4,,A,,S,,SS,,A,,A,
540,ドラムバッグ(赤),右手持ち,4,,SS,,SS,,A,,A,,A,
541,ドラムバッグ(青),右手持ち,4,,SS,,A,A,,,S,,A,
542,2ウェイキャップ(黄),ヘッドアクセ,4,,S,,A,,SS,,A,,A,
543,2ウェイキャップ(黒),ヘッドアクセ,4,,SS,,S,,A,,A,,A,
548,妖精の鹿角,ヘッドアクセ,5,SS,,,S,,A,SS,,,A,メルヘン 小動物
549,ピンクの薔薇帽子,ヘッドアクセ,2,B,,,B,,S,,S,,B,中世ヨーロッパ風
550,R-ピンクの薔薇帽子,ヘッドアクセ,3,S,,,A,,S,,A,,A,中世ヨーロッパ風
551,SR-ピンクの薔薇帽子,ヘッドアクセ,4,SS,,A,,,S,,A,,B,中世ヨーロッパ風
552,レースリボンの首飾り,ネックレス,2,,S,A,,,S,,B,B,,
553,R-レースリボンの首飾り,ネックレス,3,A,,S,,,S,,A,B,,
554,SR-レースリボンの首飾り,ネックレス,4,SS,,A,,,SS,,A,B,,
555,パステルピンクグローブ,手袋,2,,B,S,,,S,,B,B,,
556,R-パステルピンクグローブ,手袋,3,A,,S,,,S,,B,A,,
557,SR-パステルピンクグローブ,手袋,4,SS,,A,,,SS,,A,A,,
558,紫のリボン,ヘッドアクセ,3,,S,S,,B,,,B,,A,
559,R-紫のリボン,ヘッドアクセ,4,,A,S,,A,,,S,,S,
560,SR-紫のリボン,ヘッドアクセ,5,S,,SS,,A,,,SS,,A,
561,椿の枝,左手持ち,5,,S,SS,,,A,,SS,,A,
562,椿のかんざし,ヘッドアクセ,4,A,,S,,,SS,,B,,A,
563,R-椿のかんざし,ヘッドアクセ,5,SS,,SS,,,A,,A,,S,
568,妖精のイヤリング,耳飾り,5,SS,,A,,A,,SS,,,S,
570,妖精の頭飾り,ヘッドアクセ,5,S,,A,,SS,,SS,,,A,
572,妖精のネックレス,ネックレス,5,SS,,SS,,B,,,S,,A,
573,ブライトロッド,左手持ち,4,A,,S,,A,,,S,,A,
574,R-ブライトロッド,左手持ち,5,SS,,SS,,A,,,A,,A,
575,R-闇の杖,左手持ち,5,SS,,S,,A,,SS,,,A,
576,うさみみ帽子,ヘッドアクセ,4,,A,,A,,SS,,SS,A,,小動物 メルヘン
577,にんじんポシェット,右手持ち,4,,B,,SS,,SS,,A,,A,メルヘン
578,もこもこ手袋,手袋,4,A,,,A,,S,,A,S,,
579,R-うさみみ帽子,ヘッドアクセ,5,,A,,A,,SS,,SS,S,,小動物 メルヘン
580,R-にんじんポシェット,右手持ち,5,,S,,SS,,S,,A,,S,メルヘン
581,R-もこもこ手袋,手袋,5,S,,,A,,SS,,A,SS,,
582,うさぎのしっぽ,しっぽ,5,,A,,SS,,SS,A,,S,,小動物
593,白いショルダーバッグ,ボディ,3,,A,S,,S,,B,,,A,
594,パールのヘアバンド,ヘッドアクセ,3,,B,S,,,S,,A,,B,
595,銀漆のポシェット,右手持ち,3,,S,S,,A,,,B,,B,
596,君への気持ち,左手持ち,4,A,,,SS,,SS,,B,,A,クラシックチャイナ
597,薄紅色の傘,右手持ち,4,A,,SS,,,S,,A,,A,クラシックチャイナ
598,雀のかんざし,ヘッドアクセ,5,SS,,SS,,S,,,S,,A,クラシックチャイナ
599,翠玉の腕輪,左手飾り,5,,SS,A,,A,,,SS,,A,クラシックチャイナ
600,天の川の誓い,ネックレス,5,,SS,A,,S,,,SS,,A,クラシックチャイナ
602,復活の耳飾り,耳飾り,4,A,,S,,B,,B,,,B,
603,永遠の首飾り,ネックレス,5,S,,S,,B,,B,,,B,
604,希望の指輪,右手飾り,3,S,,S,,B,,B,,,B,
605,黒い礼帽,ヘッドアクセ,3,,S,S,,,A,,A,,B,ゴシック
606,R-黒い礼帽,ヘッドアクセ,4,A,,S,,,SS,,A,,A,ゴシック
607,SR-黒い礼帽,ヘッドアクセ,5,SS,,SS,,,A,,A,,B,ゴシック
608,黒真珠のカバン,右手持ち,3,,S,S,,A,,B,,,A,ゴシック
609,R-黒真珠のカバン,右手持ち,4,B,,SS,,SS,,A,,,A,ゴシック
610,SR-黒真珠のカバン,右手持ち,5,A,,SS,,SS,,A,,,S,ゴシック
611,謎のパールチェーン,ヘッドアクセ,3,,S,,SS,,B,B,,,B,エスニック
612,R-謎のパールチェーン,ヘッドアクセ,4,S,,,S,,A,S,,,A,エスニック
616,小花柄の毛糸帽子,ヘッドアクセ,4,,A,,A,,SS,,SS,A,,
619,予告状,右手持ち,4,,S,SS,,,A,B,,,A,
620,サファイアの礼帽,ヘッドアクセ,4,,S,S,,A,,A,,,A,
621,怪盗のマスク,フェイス,4,SS,,SS,,A,,A,,,A,
622,青のクラッチ,右手持ち,3,,SS,A,,S,,B,,,B,
628,ミニ青熊,ヘッドアクセ,3,B,,,A,,S,,S,,A,小動物
635,ライム主義,ボディ,3,,S,B,,S,,,B,,A,
636,印象主義,ボディ,3,S,,A,,S,,,A,,B,
637,イチゴ主義,ボディ,3,,A,S,,S,,,A,,B,
638,キルティングバッグ(赤),右手持ち,3,,B,S,,SS,,,A,,A,
639,キルティングバッグ(雪),右手持ち,3,,A,S,,B,,,S,,B,
640,キルティングバッグ(夜),右手持ち,3,,B,S,,S,,,B,,A,
641,ふうせんガム,フェイス,3,,A,,S,,S,,B,,B,
642,キャンディのブレスレット,右手飾り,2,,S,,A,,A,,A,,B,
643,キャンディのヘアピン,ヘッドアクセ,2,,B,,B,,S,,S,,A,
644,キャンディ,右手持ち,3,B,,,S,,SS,,A,,B,
645,R-キャンディのヘアピン,ヘッドアクセ,3,,A,,B,,S,,S,,A,
646,R-キャンディのブレスレット,右手飾り,3,,B,,A,,S,,S,,A,
647,棒つきキャンディ,右手持ち,4,,A,,A,,S,,SS,,A,
648,SR-キャンディのヘアピン,ヘッドアクセ,4,A,,,A,,SS,,S,,A,
649,SR-キャンディのブレスレット,手袋,4,A,,,A,,SS,,S,,A,
650,修道女のベール,ヘッドアクセ,2,,S,B,,B,,,S,,B,
651,R-修道女のベール,ヘッドアクセ,3,,S,B,,B,,,S,A,,
652,十字架,右手持ち,4,,A,SS,,A,,,SS,,B,
653,SR-修道女のベール,ヴェール,4,,A,S,,B,,,SS,A,,
654,十字架のネックレス,ネックレス,4,S,,S,,A,,,A,,S,
655,未来のヘアピン,ヘッドアクセ,4,,S,,S,,SS,,A,,A,近未来
656,未来のチョーカー,ネックレス,4,,S,,A,,S,,A,A,,近未来
657,未来の手袋,手袋,4,,S,,A,,SS,,A,S,,近未来
658,未来のヘアピン(ローズ),ヘッドアクセ,4,,A,,A,,SS,,S,,A,近未来
659,未来のチョーカー(ローズ),ネックレス,4,,A,,A,,SS,,SS,A,,近未来
660,未来の手袋(ローズ),手袋,4,,B,,A,,S,,SS,S,,近未来
661,楓のカチューシャ,ヘッドアクセ,4,,A,SS,,,A,,S,,A,
662,雪楓,右手持ち,4,S,,S,,S,,,A,,B,
663,鯉のバッグ,右手持ち,4,A,,SS,,,B,,S,,A,
664,刺客のベルト,腰飾り,3,,S,,S,B,,B,,,A,ワル
665,光る刃,右手持ち,3,,SS,,S,A,,B,,,B,ワル
666,刺客のグローブ,手袋,3,,S,S,,A,,B,,A,,ワル
667,R-刺客のベルト,腰飾り,4,SS,,,S,A,,A,,,A,ワル
668,R-光る刃,右手持ち,4,,SS,,S,A,,A,,,A,ワル
669,R-刺客のグローブ,手袋,4,S,,S,,A,,A,,A,,ワル
670,刺客のベルト(赤),腰飾り,4,SS,,,A,SS,,A,,,A,ワル
671,光る刃-血,右手持ち,4,,SS,,S,A,,A,,,A,ワル
672,刺客のグローブ(赤),手袋,4,SS,,B,,S,,B,,S,,ワル
673,真夜中の回廊,後景,5,SS,,SS,,A,,A,,,A,
674,幽冥の鎖,ヘッドアクセ,5,,SS,S,,SS,,A,,,A,
675,憑代の首飾り,ネックレス,5,SS,,S,,A,,SS,,A,,
676,死神の鎌,左手持ち,5,SS,,S,,A,,SS,,S,,
677,聖心の首飾り,ネックレス,5,SS,,SS,,A,,A,,A,,
678,聖心のティアラ,ヘッドアクセ,5,SS,,A,,SS,,S,,,S,
679,天使の羽,羽根,5,SS,,SS,,A,,A,,,S,
680,聖心の手袋,手袋,5,SS,,SS,,A,,A,,A,,
681,薔薇の輪(茶),ネックレス,4,A,,S,,,SS,,A,B,,
682,薔薇の輪(青),ネックレス,4,A,,SS,,,SS,,A,A,,
683,薔薇の輪(緑),ネックレス,4,A,,SS,,,S,,A,A,,
684,花園のカチューシャ(茶),ヘッドアクセ,4,A,,S,,,SS,,A,A,,
685,花園のカチューシャ(青),ヘッドアクセ,4,A,,S,,,SS,,A,B,,
686,花園のカチューシャ(緑),ヘッドアクセ,4,A,,SS,,,SS,,A,A,,
687,祈りの手袋,手袋,4,,A,S,,SS,,A,,A,,
688,優雅なパース,右手持ち,3,,A,S,,S,,B,,,A,
689,烈日,耳飾り,3,S,,S,,A,,A,,,B,
690,静海,耳飾り,3,S,,S,,A,,A,,,B,
691,黄金のとき,右手飾り,3,,A,S,,SS,,B,,B,,
692,金のスカーフ,ネックレス,3,,A,S,,A,,,S,A,,
693,夫人の花園,ヘッドアクセ,3,,B,S,,S,,A,,A,,
697,薔薇の夢,ヘッドアクセ,5,S,,,A,,SS,,SS,A,,
698,薔薇の夢(青),ヘッドアクセ,5,S,,,S,,SS,,SS,A,,
699,薔薇の夢(妃),ヘッドアクセ,5,A,,,A,,SS,,SS,S,,
700,フリルの首飾り,ネックレス,5,S,,,A,,SS,,SS,A,,
701,フリルの首飾り(青),ネックレス,5,S,,,A,,SS,,SS,A,,
702,フリルの首飾り(妃),ネックレス,5,S,,,S,,S,,SS,A,,
703,飾りリボン,右手飾り,5,A,,,S,,SS,,SS,A,,
704,飾りリボン(青),右手飾り,5,A,,,S,,SS,,SS,A,,
705,飾りリボン(妃),右手飾り,5,A,,,A,,SS,,SS,S,,
706,花輪の髪飾り,ヘッドアクセ,3,S,,SS,,,B,,A,B,,
707,R-花輪の髪飾り,ヘッドアクセ,4,SS,,B,,,SS,,B,S,,
708,綿毛のブレスレット,右手飾り,3,,S,,A,,SS,,B,A,,
709,R-綿毛のブレスレット,右手飾り,4,A,,SS,,,SS,,A,A,,
710,枝花の首飾り,ネックレス,3,,S,,B,,A,,S,,B,
711,R-枝花の首飾り,ネックレス,4,A,,S,,,A,,SS,,S,
712,バンビバッグ,右手持ち,3,,S,,B,,S,,A,A,,
713,R-バンビバッグ,右手持ち,4,SS,,,A,,S,,A,A,,
714,コウモリ女王の誘惑,耳飾り,5,A,,SS,,SS,,A,,A,,
715,コウモリ女王の首飾り,ネックレス,5,,A,SS,,SS,,A,,A,,
716,コウモリ女王の王冠,ヘッドアクセ,5,SS,,S,,S,,A,,A,,
717,錠付バッグ,右手持ち,3,,S,B,,S,,,B,,A,
718,ピンクダイヤの耳飾り,耳飾り,3,,A,,B,,S,,S,,A,
719,クリスタルの首飾り,ネックレス,3,,S,B,,S,,,B,A,,
720,陸軍帽,ヘッドアクセ,4,B,,A,,SS,,SS,,A,,ミリタリー
721,海軍帽,ヘッドアクセ,4,A,,SS,,S,,B,,A,,ミリタリー
722,革の長手袋,手袋,4,,S,A,,B,,SS,,S,,ミリタリー
723,海軍の革手袋,手袋,4,,A,A,,SS,,S,,A,,ミリタリー
726,荒野,ヘッドアクセ,4,A,,,A,,S,,SS,,A,エスニック
727,狩人のチョーカー,ネックレス,4,,SS,,SS,,B,,B,,A,エスニック
728,トライバルの首飾り,マフラー,4,,SS,,A,,A,S,,,A,エスニック
729,結縄の記録,右手飾り,4,,S,,B,,S,,SS,,A,エスニック
730,荒野のポシェット,ボディ,4,A,,,SS,,S,,A,A,,エスニック
731,学士帽,ヘッドアクセ,4,,A,S,,,A,,S,A,,学生風
732,卒業証書(白),右手持ち,4,,A,,SS,,S,,A,,A,学生風
733,十字架のイヤリング,耳飾り,4,,S,,A,,A,SS,,,A,
734,ストライプ野球帽,ヘッドアクセ,4,S,,,SS,,A,,A,A,,
735,黒い野球帽,ヘッドアクセ,3,,S,,S,,B,,A,B,,
736,丸いサングラス,フェイス,4,S,,,B,,SS,,A,,A,
737,十字架のペンダント,ネックレス,4,,B,S,,A,,SS,,,A,
739,ダイヤのバッグ,右手持ち,4,S,,SS,,A,,A,,A,,
740,SR-リボンの髪飾り,ヘッドアクセ,4,SS,,S,,,A,,B,A,,
741,リボンの髪飾り(夢),ヘッドアクセ,4,SS,,SS,,,A,,A,B,,
742,R-リボンの髪飾り,ヘッドアクセ,3,B,,S,,,B,,S,A,,
743,リボンの髪飾り,ヘッドアクセ,2,,B,,S,,S,,B,A,,
744,舞踏会のマスク,左手持ち,4,B,,SS,,,A,SS,,,A,中世ヨーロッパ風
745,舞踏会のマスク(夢),左手持ち,4,A,,S,,,B,SS,,,A,中世ヨーロッパ風
746,SR-竹の語らい,ヘッドアクセ,4,SS,,S,,,B,,A,,S,
747,R-竹の語らい,ヘッドアクセ,3,,A,B,,,S,,S,,B,
748,竹の語らい,ヘッドアクセ,2,,B,B,,,S,,S,,B,
749,ゴージャス(銀),右手持ち,3,B,,S,,S,,A,,A,,
750,ゴージャス(桃),右手持ち,3,B,,A,,,S,,SS,B,,
751,ゴージャス(黒),右手持ち,3,B,,SS,,S,,B,,A,,
752,散りゆく花,前景,5,SS,,SS,,S,,A,,A,,
753,月宮の耳飾り,耳飾り,4,SS,,S,,,A,,A,A,,
754,月宮の精霊,ヘッドアクセ,4,A,,,A,,S,S,,A,,
755,月宮の精霊-満月,ヘッドアクセ,4,A,,,SS,,A,,SS,A,,
756,月宮の精霊-新月,ヘッドアクセ,4,A,,,S,,A,SS,,A,,
757,月宮の杵,右手持ち,4,A,,S,,,B,SS,,A,,
758,月宮の玉佩,腰飾り,4,A,,,SS,,S,A,,A,,
759,月宮の結び,左手持ち,3,A,,S,,,S,,A,,A,
760,安らぎの珠,耳飾り,5,A,,SS,,SS,,S,,A,,
761,縁の刺繍,右手持ち,5,A,,SS,,SS,,,S,S,,
762,凪のとき,ヘッドアクセ,5,SS,,SS,,,A,,A,A,,
764,赤い便箋,ネックレス,5,SS,,SS,,A,,A,,S,,
765,紫の夢,ヘッドアクセ,4,S,,S,,A,,A,,A,,
766,満開の藤,ネックレス,4,A,,SS,,,B,,S,,A,
767,藤の鎖,右手飾り,4,A,,SS,,,B,,SS,,A,
768,君への贈り物,右手持ち,5,A,,,SS,,SS,,A,S,,
769,初恋の時間,ヘッドアクセ,5,S,,SS,,,A,,A,S,,
770,恋する少女の決意,手袋,5,A,,,SS,,SS,,S,A,,
771,リストコサージュ,右手飾り,3,B,,S,,,S,,A,A,,
772,マジシャンのトランプ,左手持ち,5,SS,,,SS,,A,,B,,B,
773,マジシャンの漆黒ステッキ,右手持ち,5,,S,SS,,A,,A,,,B,
774,魔幻のリボン,マフラー,5,A,,,SS,,S,A,,,B,
775,魔術の手袋,手袋,5,,SS,S,,A,,A,,A,,
776,マジックハット,ヘッドアクセ,5,S,,S,,SS,,B,,A,,
777,真白き花,ヘッドアクセ,5,S,,SS,,,A,,A,,B,
778,真白き心,ネックレス,5,A,,S,,SS,,A,,,A,
779,雪蓮の手袋,手袋,5,,S,S,,S,,S,,A,,
784,リボンの腕飾り(赤),右手飾り,4,,A,,S,,SS,,B,,A,
785,NIKKIの浮き輪(黄),左手持ち,4,A,,,S,,S,,A,,A,
786,真紅のリボン,ヘッドアクセ,4,A,,,A,,SS,,SS,,B,
787,NIKKIのチョーカー(黒),ネックレス,4,,SS,SS,,A,,A,,,A,
788,夜色のリボン,ヘッドアクセ,4,A,,,SS,,S,,A,,B,
789,NIKKIのチョーカー(桃),ネックレス,4,A,,,S,,S,,SS,,B,
790,リボンの腕飾り(桃),右手飾り,4,A,,,S,,SS,,A,,A,
791,NIKKIの浮き輪(青),左手持ち,4,A,,,S,,SS,,A,,A,
792,青春のリボン,ヘッドアクセ,4,,S,,A,,S,,S,,A,
803,NIKKIのチョーカー(赤),ネックレス,4,,SS,,A,,A,S,,,A,
804,赤石のイヤリング,耳飾り,5,A,,,SS,,SS,B,,,A,
805,レースのチョーカー,ネックレス,5,A,,A,,,SS,,A,SS,,
806,花かごの礼帽,ヘッドアクセ,5,SS,,SS,,S,,B,,A,,
810,暁のバッグ,ボディ,4,A,,,S,,SS,,A,A,,
811,ボーラーハット,ヘッドアクセ,4,A,,S,,,S,,A,A,,
812,花と蝶,ネックレス,4,,S,SS,,A,,A,,,A,
814,優雅な丸型バッグ,ボディ,3,A,,S,,S,,B,,B,,
815,上品な丸型バッグ,ボディ,3,,A,B,,S,,S,,A,,
816,清楚な丸型バッグ,ボディ,3,,B,S,,A,,,S,A,,
817,シマウマの記憶,右手持ち,3,A,,S,,S,,A,,B,,
822,夜の薔薇,右手持ち,4,A,,S,,SS,,A,,A,,
823,レディのレトロ帽,ヘッドアクセ,4,A,,SS,,S,,A,,A,,
824,ジャスミンのかんざし,ヘッドアクセ,5,SS,,S,,S,,B,,,S,
825,ジャスミンの耳飾り,耳飾り,5,A,,SS,,S,,S,,,A,
826,ジャスミンの腕飾り,手袋,5,S,,SS,,A,,S,,,A,
827,ジャスミンのバッグ,右手持ち,5,A,,SS,,A,,SS,,,A,
828,ジャスミンの首飾り,ネックレス,5,S,,SS,,A,,A,,,A,
836,清紗の調べ,ボディ,4,B,,A,,,SS,,S,A,,
837,清河の美,ヘッドアクセ,4,A,,,A,,SS,,S,A,,
838,アイドルの手袋,手袋,4,,A,,SS,,S,,A,,A,
839,夢の音,右手持ち,4,,A,,SS,,S,,A,,A,
840,ハートのチョーカー,ネックレス,4,,A,,S,,S,,S,,A,
841,ハートのミニハット,ヘッドアクセ,4,,A,,S,,S,,A,,A,
842,R-アイドルの手袋,手袋,5,SS,,,SS,,A,,B,S,,
843,R-夢の音,右手持ち,5,A,,,SS,,SS,,S,A,,
844,R-ハートのチョーカー,ネックレス,5,S,,,S,,S,,S,S,,
845,ハートのケーキ帽,ヘッドアクセ,5,A,,,S,,SS,,A,S,,
846,アイドルの手袋(紫),手袋,5,S,,,A,,S,,SS,A,,
847,夢の音(紫),右手持ち,5,A,,,SS,,SS,,A,A,,
848,ハートのチョーカー(紫),ネックレス,5,A,,,SS,,SS,,A,A,,
849,ブルーベリーケーキ帽,ヘッドアクセ,5,A,,,SS,,S,,S,S,,
850,鶴の冠,ヘッドアクセ,4,A,,SS,,S,,,A,A,,
851,鳳の御者,ボディ,4,,S,SS,,A,,,A,S,,
852,鳳と鶴,ネックレス,4,,S,SS,,B,,,A,B,,
853,玉鎖,耳飾り,5,SS,,SS,,A,,,A,S,,
854,R-鶴の冠,ヘッドアクセ,5,SS,,SS,,A,,,A,A,,
855,R-鳳の御者,ボディ,5,SS,,SS,,A,,,A,A,,
856,R-鳳と鶴,ネックレス,5,SS,,S,,S,,,S,S,,
857,茨の鎖,ネックレス,3,,B,A,,S,,S,,,A,
858,茨の輪,手袋,3,,B,A,,S,,S,,,B,
859,暗黒の茨,ヘッドアクセ,4,,A,A,,S,,S,,,A,
860,R-茨の鎖,ネックレス,4,,A,A,,S,,SS,,,A,
861,R-茨の輪,手袋,4,A,,A,,SS,,S,,,A,
862,R-暗黒の茨,ヘッドアクセ,5,SS,,S,,A,,SS,,,A,
863,SR-茨の鎖,ネックレス,5,SS,,B,,S,,SS,,,S,
864,SR-茨の輪,手袋,5,SS,,A,,A,,SS,,,A,
865,鎮魂の灯,右手持ち,5,SS,,SS,,A,,S,,,A,
866,麗しき魂,前景,5,SS,,S,,A,,A,,,S,
867,聖なる旋律,ヘッドアクセ,5,S,,SS,,A,,,A,,S,
868,聖なる輪,手袋,5,SS,,SS,,A,,,A,,A,
869,聖なる鎖,ネックレス,5,SS,,SS,,A,,,A,,S,
870,聖なる灯,右手持ち,5,SS,,SS,,S,,,A,,A,
871,幽光の影,前景,5,A,,SS,,A,,,SS,,A,
873,女神の花冠,ヘッドアクセ,4,A,,A,,,SS,,S,,A,
874,桃色石の首飾り,ネックレス,4,S,,SS,,,A,,A,,A,
875,夢の腰飾り,腰飾り,4,SS,,S,,,A,,S,,A,
876,青春主義,ヘッドアクセ,3,,B,A,,,S,,S,,A,
877,リリスの花束,右手持ち,4,A,,S,,,A,,SS,,A,
878,願い星のヘアピン,ヘッドアクセ,2,S,,S,,B,,B,,B,,
879,願い星のペンダント,ネックレス,3,SS,,S,,A,,B,,A,,
880,願い星のイヤリング,耳飾り,4,S,,S,,A,,S,,A,,
882,鴛鴦の筆,ヘッドアクセ,3,A,,,A,,S,,S,B,,
883,君思い,ネックレス,4,A,,,A,,SS,,S,A,,モダンチャイナ
884,芙蓉の蕊,ヘッドアクセ,4,S,,SS,,A,,,A,,B,
885,芙蓉の露,ネックレス,3,B,,SS,,A,,,S,,B,
886,芙蓉仙,ボディ,4,A,,SS,,A,,,S,,A,
887,王家の責任,腰飾り,4,,S,SS,,A,,,A,A,,ワル
888,天青の薄絹,手袋,4,,S,SS,,A,,,A,A,,
889,陽月の灯,前景,5,SS,,SS,,A,,A,,A,,
890,氷結の証,右手持ち,5,SS,,S,,A,,A,,S,,ワル
891,戦うプリンセス,腰飾り,5,S,,S,,S,,S,,S,,ワル
892,氷雪の杖,手袋,5,S,,SS,,,A,,S,S,,
893,氷雪の王冠,ヘッドアクセ,5,SS,,SS,,S,,,A,A,,
894,珠玉のネックレス,ネックレス,3,B,,S,,S,,A,,B,,
895,R-珠玉のネックレス,ネックレス,4,S,,SS,,A,,A,,B,,
896,珠玉のネックレス(濃緑),ネックレス,4,S,,SS,,A,,A,,B,,
897,珠玉のネックレス(青紫),ネックレス,4,A,,S,,SS,,S,,A,,
898,木製パレット,左手持ち,4,A,,,A,,SS,,S,A,,
899,双子の筆,右手持ち,4,A,,,S,,S,,S,A,,
900,絵描きのベレー帽,ヘッドアクセ,3,B,,,S,,S,,A,A,,
901,クレヨンのヘアピン,カチューシャ,3,,A,,B,,S,,S,A,,
902,絵描きのベレー帽(黒),ヘッドアクセ,3,,A,S,,S,,,B,A,,
903,絵描きのベレー帽(青),ヘッドアクセ,3,,A,B,,S,,S,,A,,
904,クランベリー,ヘッドアクセ,3,A,,,A,,S,,S,,B,
905,ツルコケモモ,ネックレス,3,B,,,B,,S,,S,,A,
906,略奪のイヤリング,耳飾り,3,A,,A,,S,,S,,B,,
907,突撃のライフル,右手持ち,5,A,,A,,SS,,SS,,A,,
908,ドクロの海賊帽,ヘッドアクセ,5,A,,S,,SS,,SS,,A,,
909,ドクロのネックレス,ネックレス,4,B,,SS,,SS,,A,,B,,
910,ポンポン(右),右手持ち,4,A,,,SS,,S,B,,,A,
911,ポンポン(左),左手持ち,4,A,,,S,,SS,B,,,S,
912,星のグローブ,手袋,3,B,,,S,,SS,B,,,A,
913,星のネクタイ,ネックレス,3,A,,,S,,S,A,,,B,
914,ショコラバッグ,右手持ち,4,A,,S,,S,,,A,A,,
915,ショコラハット,ヘッドアクセ,4,S,,SS,,A,,,B,A,,
916,ショコラバッグ(茶),右手持ち,4,A,,SS,,S,,,A,B,,
917,ショコラハット(茶),ヘッドアクセ,4,A,,S,,,SS,,A,A,,
923,牡丹の花,ヘッドアクセ,5,SS,,SS,,A,,A,,A,,
924,心月狐の耳,つけ耳,5,A,,SS,,A,,SS,,A,,
925,心月狐の尾,しっぽ,5,SS,,A,,S,,SS,,A,,
926,瑶台の玉霧,前景,5,SS,,SS,,A,,,A,S,,
927,龍のかんざし,ヘッドアクセ,5,S,,A,,SS,,SS,,A,,
928,龍の箏,左手持ち,5,SS,,S,,A,,S,,A,,
929,瑶台の菊,後景,5,SS,,A,,A,,SS,,A,,
930,舞蝶の散華,右手飾り,3,,S,A,,,A,,S,,B,
932,流転の蝶,ネックレス,3,,S,A,,,A,,S,,A,
933,R-舞蝶の散華,右手飾り,4,B,,SS,,SS,,A,,,B,
935,R-流転の蝶,ネックレス,4,A,,A,,,SS,,S,,A,
936,SR-舞蝶の散華,右手飾り,5,S,,SS,,A,,S,,,S,
938,SR-流転の蝶,ネックレス,5,SS,,SS,,A,,A,,,A,
939,舞蝶の散華(紫),右手飾り,5,B,,S,,SS,,SS,,,A,
941,流転の蝶(紫),ネックレス,5,S,,A,,SS,,SS,,,S,
942,舞蝶の散華(桃),右手飾り,5,A,,SS,,,SS,,S,,A,
944,流転の蝶(桃),ネックレス,5,S,,A,,,SS,,SS,,A,
945,いちごケーキ,カチューシャ,3,,S,,A,,S,,A,,A,
946,いちごの籠,右手持ち,3,,A,,S,,S,,B,,A,
947,R-いちごケーキ,カチューシャ,4,A,,A,,,SS,,S,,B,
948,R-いちごの籠,右手持ち,4,A,,B,,,S,,SS,,A,
949,SR-いちごケーキ,カチューシャ,5,S,,A,,,SS,,A,,S,
950,SR-いちごの籠,右手持ち,5,B,,S,,,B,,S,,A,
951,いちごの籠(ミント),右手持ち,5,SS,,SS,,,A,,S,,A,
952,百華,ヘッドアクセ,5,SS,,SS,,,A,,A,,A,
953,花蔓と真珠の腕飾り,右手飾り,5,A,,SS,,SS,,A,,,A,
954,花蔓と真珠の首飾り,ネックレス,5,S,,SS,,SS,,A,,,A,
955,青蝶,ネックレス,3,,SS,B,,,A,,S,,B,
956,青花鞄,右手持ち,3,B,,S,,S,,,B,,A,
957,青の腕輪,右手飾り,3,B,,SS,,A,,,S,,B,
966,流れ星バッグ,ボディ,3,B,,S,,S,,,A,,A,
967,星々の瞬き,ヘッドアクセ,3,B,,S,,S,,,A,,A,
979,貴婦人のバッグ,右手持ち,4,S,,SS,,A,,A,,A,,モダンチャイナ
980,あったか手袋,手袋,4,S,,S,,A,,A,,S,,
981,紙の鳥,右手持ち,4,A,,,S,,SS,,S,,B,モダンチャイナ
982,鶯の首飾り,ネックレス,4,,SS,,S,,B,,A,,A,
983,新年の喜び,ヘッドアクセ,4,A,,,S,,SS,,A,,A,モダンチャイナ
988,女剣士の戦闘帽,ヘッドアクセ,4,A,,A,,S,,SS,,A,,
989,エリスの首飾り,ネックレス,4,A,,A,,SS,,SS,,A,,
990,エリスの刃,左手持ち,4,S,,A,,SS,,S,,A,,ワル
991,恋愛の法則の首飾り,ネックレス,4,A,,,A,,S,,SS,,A,
992,恋愛の法則の腕飾り,右手飾り,4,,S,S,,,A,,A,,A,
993,恋愛の法則のバッグ,右手持ち,4,A,,,A,,S,,S,,A,
994,恋愛の法則の頭飾り,ヘッドアクセ,4,A,,,A,,SS,,S,,A,
995,冬のマフラー,マフラー,3,A,,S,,S,,,B,A,,冬服
996,トナカイのヘアピン,ヘッドアクセ,3,B,,,S,,S,,B,A,,小動物
997,ベルのハンドバッグ,右手持ち,3,A,,,SS,,S,,B,B,,
1007,青葉の冠,ヘッドアクセ,5,SS,,SS,,S,,,S,,A,
1008,青葉の首飾り,ネックレス,5,A,,SS,,A,,,SS,,A,
1009,青葉の腕飾り,手袋,5,A,,SS,,A,,,SS,,A,
1010,美しき牢獄,右手持ち,3,,S,SS,,B,,,A,,A,
1011,純潔の羽冠,ヘッドアクセ,4,,SS,S,,B,,A,,,A,小動物
1012,純白の羽,耳飾り,4,A,,B,,S,,SS,,,A,
1013,R-美しき牢獄,右手持ち,4,B,,S,,SS,,,A,,A,
1014,SR-美しき牢獄,右手持ち,5,SS,,SS,,S,,,A,,A,
1015,R-純潔の羽冠,ヘッドアクセ,5,S,,S,,SS,,,S,,S,小動物
1016,R-純白の羽,耳飾り,5,S,,S,,SS,,SS,,,A,
1017,ばら色の頬,タトゥー,5,S,,,SS,,SS,,S,,A,
1018,憎しみの牢獄,右手持ち,5,SS,,SS,,A,,A,,,S,
1019,純血の羽冠,ヘッドアクセ,5,A,,A,,SS,,SS,,,A,小動物
1020,漆黒の羽,耳飾り,5,A,,A,,SS,,S,,,S,
1021,春の息吹,ヘッドアクセ,2,,B,B,,,S,,S,,A,
1022,春の訪れ,ネックレス,2,,S,B,,,B,,S,,B,
1023,R-春の息吹,ヘッドアクセ,3,A,,A,,,S,,S,,A,
1024,R-春の訪れ,ネックレス,3,B,,A,,,S,,S,,A,
1025,SR-春の息吹,ヘッドアクセ,4,S,,SS,,,S,,A,,B,
1026,SR-春の訪れ,ネックレス,4,S,,S,,,A,,A,,A,
1027,二月の歌,後景,4,SS,,S,,,A,,A,,A,
1028,凛烈の杖,左手持ち,5,A,,SS,,SS,,A,,,A,
1029,氷晶の王冠,ヘッドアクセ,5,A,,A,,SS,,SS,,,A,
1030,雪の瞬き,後景,5,SS,,SS,,A,,A,,,S,
1031,冬の輝き,耳飾り,5,A,,A,,SS,,SS,,,A,
1032,カサブランカ,左手持ち,5,S,,B,,A,,,S,,A,
1033,高貴な美,ヘッドアクセ,5,S,,A,,A,,,S,,A,
1034,壮大な美,ネックレス,5,A,,S,,A,,,S,,A,
1035,純白の尻尾,しっぽ,5,A,,,SS,,SS,,A,A,,小動物
1050,クラシック,右手持ち,3,B,,S,,S,,,B,,A,
1051,凛とした美,手袋,3,B,,S,,S,,,A,,A,
1052,しなやかな美,ネックレス,3,A,,S,,S,,,B,,A,
1053,さくらん帽,ヘッドアクセ,3,,B,,SS,,S,,A,B,,
1054,黒曜の礼帽,ヘッドアクセ,5,A,,S,,SS,,S,,S,,
1055,黒曜の蝶ネクタイ,ネックレス,5,S,,A,,SS,,SS,,A,,
1056,金耀の腕輪,右手飾り,5,,S,SS,,S,,A,,S,,
1057,黒曜の手袋,手袋,5,A,,A,,SS,,SS,,A,,
1058,プードル,右手持ち,5,SS,,S,,A,,S,,A,,小動物
1059,泡沫の恋,手袋,4,A,,,A,,SS,,SS,,A,
1060,双子の葉,ネックレス,4,A,,,A,,S,,S,,A,
1061,シロツメクサ,ヘッドアクセ,4,A,,,S,,SS,,A,,A,
1062,幸運の草,耳飾り,4,A,,,A,,S,,S,,A,
1063,恋葉のバッグ,ボディ,4,A,,,A,,S,,S,,A,
1064,四つ葉の幸せ,左手持ち,4,A,,,SS,,SS,,A,,A,
1065,銀のスプーン,右手持ち,5,A,,,SS,,SS,,A,,S,
1066,お汁粉,ヘッドアクセ,5,A,,,SS,,SS,,A,,A,
1067,小豆,カチューシャ,5,A,,,S,,SS,,SS,,A,
1068,愛の王冠,ヴェール,4,SS,,SS,,A,,A,,,A,
1069,甘いハーモニー,手袋,4,S,,S,,S,,A,,,A,
1070,リナ特製,ボディ,4,S,,SS,,A,,S,,,B,
1071,R-愛の王冠,ヴェール,5,SS,,SS,,A,,S,,,A,
1072,R-甘いハーモニー,手袋,5,SS,,SS,,S,,A,,,A,
1073,R-リナ特製,ボディ,5,SS,,SS,,A,,S,,,A,
1075,竹葉の冠,ヘッドアクセ,5,S,,SS,,S,,,A,,S,
1076,竹の節,耳飾り,5,A,,SS,,A,,,SS,,S,
1077,鶴の竹,ボディ,5,SS,,SS,,S,,,A,,A,
1078,竹の燭台,後景,5,SS,,SS,,S,,,S,,A,クラシックチャイナ
1079,薔薇の輪,ヘッドアクセ,4,A,,S,,S,,,S,,A,
1080,薔薇の鎖,右手飾り,4,,S,SS,,A,,,A,,B,
1081,薔薇の鍵,ネックレス,4,,SS,SS,,A,,,B,,A,
1082,この世に一つ,左手持ち,4,B,,S,,,A,,SS,,A,
1102,恋の手紙,ヘッドアクセ,3,A,,,S,,S,,A,,A,
1103,断ち切れぬ想い,ボディ,3,B,,,S,,S,,A,,A,
1104,愛の告白,耳飾り,3,A,,,A,,S,,S,,B,
1105,ふわふわ肉球,手袋,5,A,,,SS,,S,,S,,A,小動物
1106,心の糸,ネックレス,3,B,,,S,,S,,A,,A,
1110,壊れた鎖,吊り,5,,S,A,,SS,,SS,,,S,メルヘン
1111,壊れた銀冠,ヘッドアクセ,5,,A,S,,SS,,SS,,,A,
1112,血塗られた包帯,右手飾り,5,,SS,S,,A,,S,,,A,
1113,束縛の包帯,ネックレス,5,,SS,A,,A,,SS,,,A,
1114,壊れた人形,肌,5,,S,A,,S,,SS,,,S,メルヘン
1115,魅惑の銀冠,ヘッドアクセ,6,SS,,SS,,A,,S,,,S,
1116,操り糸,吊り,6,SS,,SS,,S,,A,,,A,メルヘン
1117,魅惑の首飾り,マフラー,6,SS,,SS,,S,,A,,,S,
1118,操り人形,肌,6,A,,S,,SS,,SS,,,A,メルヘン
1119,魅惑の首飾り-奇跡,マフラー,6,S,,SS,,S,,,SS,,A,
1130,花月の珠,ネックレス,5,SS,,SS,,,S,,A,,A,クラシックチャイナ
1131,花月の宴,前景,5,A,,S,,,S,,SS,,S,
1132,花月の木陰,ヘッドアクセ,5,A,,SS,,,S,,SS,,A,
1140,女剣士の戦闘帽(濃紫),ヘッドアクセ,4,A,,SS,,S,,A,,,A,
1141,エリスの首飾り(濃紫),ネックレス,4,,SS,S,,A,,A,,,A,
1142,エリスの刃(濃紫),左手持ち,4,A,,A,,SS,,S,,,A,ワル
1143,恋愛指南書の首飾り,ネックレス,4,A,,,SS,,S,,A,,A,
1145,恋愛指南書のバッグ,右手持ち,4,A,,,S,,S,,A,,A,
1146,恋愛指南書の髪飾り,ヘッドアクセ,4,B,,,SS,,S,,A,,S,
1149,真珠の綿帽子,ヘッドアクセ,3,,A,S,,S,,A,,A,,
1150,幸運のカチューシャ,ヘッドアクセ,3,A,,,B,,S,,S,,B,
1152,幸せの四つ葉,右手持ち,3,B,,,S,,S,,A,,A,
1154,シロツメクサの幸せ,腰飾り,3,A,,S,,,B,,S,,A,
1155,兵士帽,ヘッドアクセ,4,B,,A,,SS,,S,,A,,ミリタリー
1156,士官帽,ヘッドアクセ,5,SS,,SS,,A,,S,,S,,ミリタリー
1157,鉄血の鞭,右手持ち,5,A,,S,,SS,,S,,A,,
1158,信仰の手,手袋,5,SS,,SS,,S,,A,,A,,ミリタリー
1159,水芙蓉,ヘッドアクセ,4,,A,SS,,,A,,S,,A,
1160,蓮酒,ヘッドアクセ,5,SS,,SS,,,B,,S,,A,クラシックチャイナ
1161,心重ねて,ネックレス,5,A,,SS,,S,,,SS,,A,
1162,想いの玉笛,右手持ち,5,SS,,S,,A,,,A,,S,クラシックチャイナ
1163,水の薄絹,ボディ,5,SS,,SS,,A,,,A,,A,クラシックチャイナ
1164,ホログラムの鏡,ヘッドアクセ,5,SS,,,SS,,A,,S,,A,近未来
1165,境界の手袋,手袋,5,A,,,SS,,SS,A,,,S,近未来
1166,夢幻のケープ,ヴェール,5,A,,SS,,SS,,A,,,S,
1167,海内のケープ,ヴェール,5,SS,,SS,,A,,A,,,A,
1168,甘い騎士,ヘッドアクセ,4,A,,,S,,SS,,B,,A,
1169,騎士の証,腰飾り,5,SS,,S,,A,,A,,,S,ワル
1170,流行の野球帽,ヘッドアクセ,4,S,,,SS,,S,,A,,A,原宿系
1171,らくがきスケボー,右手持ち,5,A,,,SS,,S,,A,,S,原宿系
1172,フツーじゃないヘッドフォン,ネックレス,4,B,,,SS,,S,,A,,A,原宿系
1173,君想う墨,ヘッドアクセ,5,,SS,SS,,A,,A,,S,,
1174,錦鯉の筆,右手持ち,5,,SS,SS,,S,,A,,A,,
1175,淡墨の巻き軸,左手持ち,5,SS,,SS,,S,,A,,A,,
1178,蔓の薄絹,ヴェール,5,SS,,SS,,A,,A,,,A,
1179,鴛鴦之契,手袋,5,A,,SS,,SS,,A,,,A,
1180,花の誓い,ネックレス,5,A,,S,,SS,,SS,,,A,
1181,白藤,前景,5,SS,,SS,,A,,A,,,A,
1183,蓮酒-夏,ヘッドアクセ,5,A,,S,,,A,,SS,,A,
1184,心重ねて-夏,ネックレス,5,S,,SS,,S,,,S,,A,
1185,想いの玉笛-夏,右手持ち,5,S,,SS,,A,,,S,,A,
1186,水の薄絹-夏,ボディ,5,A,,SS,,S,,,SS,,A,
1188,ネコかばん,右手持ち,4,S,,,SS,,S,,B,,A,
1189,白黒ネコの尻尾,しっぽ,4,A,,,SS,,S,,A,,A,小動物
1190,クロネコかばん,右手持ち,4,A,,,SS,,SS,,A,,A,
1191,クロネコの尻尾,しっぽ,4,A,,,SS,,S,,A,,A,小動物
1192,茶色ネコの尻尾,しっぽ,4,A,,,SS,,S,,A,,S,小動物
1193,三色すみれ,右手飾り,4,A,,SS,,A,,,S,,A,
1194,三色すみれ(白),右手飾り,4,A,,S,,,A,,SS,,A,
1195,三色すみれ(赤),右手飾り,4,A,,,B,,SS,,S,,S,
1196,薔薇吹雪,前景,5,,SS,SS,,,S,,A,,A,
1197,茨の災,ヘッドアクセ,5,A,,,SS,,S,,S,,S,
1198,守り抜く心,ネックレス,5,,S,SS,,,S,,A,,A,
1199,硝子のオルゴール,床,5,S,,SS,,S,,S,,,S,
1201,真珠の礼帽,ヘッドアクセ,3,B,,S,,S,,,A,,A,
1205,星のしっぽ,ヘッドアクセ,5,A,,S,,S,,,C,,A,
1210,おもしろランド,後景,5,,S,,SS,,SS,,A,,S,小動物
1211,奇妙なフラフープ,右手持ち,5,,A,,SS,,S,,A,,S,
1212,マーベルサーカス団,前景,5,,A,,SS,,SS,,S,,A,
1213,奇妙な礼帽,ヘッドアクセ,5,,S,,SS,,SS,,A,,A,
1214,冒険アコーディオン,ボディ,5,S,,,SS,,S,,A,,A,
1215,ジャグリングボール,床,5,,S,,S,,SS,,A,,S,
1216,でたらめランド,後景,5,,A,,SS,,SS,,A,,S,小動物
1217,運命の名残り,床,5,SS,,SS,,S,,A,,,A,
1218,幸せのピエロ帽,ヘッドアクセ,5,A,,SS,,SS,,A,,,A,
1219,ダイヤの仮面,フェイス,5,SS,,SS,,A,,S,,,A,
1220,カラフルなラッフル襟,マフラー,5,S,,S,,SS,,S,,,A,
1221,秘密のネコ耳,ヘッドアクセ,4,A,,,SS,,S,B,,,A,ロック
1222,異次元の鍵,ネックレス,4,A,,,A,S,,SS,,,B,
1223,魔法使いミル,右手持ち,4,A,,,S,,SS,,A,,A,
1224,ルーンの手袋,手袋,4,B,,,A,S,,SS,,,A,ロック
1225,縞々のネコ耳,ヘッドアクセ,4,A,,,S,,S,A,,,A,ロック
1226,スペードの鍵,ネックレス,4,A,,,A,S,,S,,,A,
1227,黒猫ミル,右手持ち,4,A,,,SS,,S,,A,,A,
1228,黒炎の手袋,手袋,4,A,,,A,SS,,S,,,A,ロック
1229,深緑の歌,ネックレス,4,A,,SS,,A,,,S,,A,
1230,礼冠の歌,ヘッドアクセ,4,S,,S,,SS,,,B,,A,中世ヨーロッパ風
1231,荒野のハンター,右手持ち,4,A,,,A,S,,SS,,,A,エスニック
1232,暁星の羽,ヘッドアクセ,4,A,,SS,,S,,A,,,B,エスニック
1233,荒野の矢筒,ボディ,4,A,,,A,S,,SS,,,A,エスニック
1234,自然の声,ネックレス,4,A,,S,,S,,A,,,S,
1235,霊森の音,手袋,4,A,,SS,,S,,A,,,A,
1236,大地の子,フェイス,4,A,,A,,S,,SS,,,A,エスニック
1237,道路のリボン,マフラー,3,B,,S,,S,,,A,,B,エスニック
1238,蜜の言葉,カチューシャ,3,B,,S,,S,,,A,,B,
1239,流水の詩-アクセ,ヘッドアクセ,3,,S,S,,A,,,B,,A,
1241,蜂蜜,ヘッドアクセ,4,,A,,SS,,S,,A,,A,
1242,甘い時間,両手持ち,4,,A,,S,,S,,A,,A,
1243,くらくら熊さん,前景,5,,S,,SS,,SS,,A,,S,小動物
1247,ホログラム,前景,5,SS,,SS,,S,,S,,,A,近未来
1248,ヘッドフォン,ヘッドアクセ,5,,A,,SS,,SS,,S,,A,近未来
1249,スマートデータ,手袋,5,S,,S,,SS,,SS,,,A,近未来
1250,ホログラム-ウイルス,前景,5,SS,,SS,,A,,A,,,A,近未来
1251,ヘッドフォン-ウイルス,ヘッドアクセ,5,,A,,SS,,SS,,A,,A,近未来
1252,スマートデータ-ウイルス,手袋,5,S,,A,,SS,,S,,,S,近未来
1253,浮遊する翼,ボディ,5,SS,,S,,A,,A,,,S,近未来
1254,浮遊する翼-ウイルス,ボディ,5,S,,A,,SS,,SS,,,A,近未来
1256,追憶少女,ヴェール,3,,S,,S,,A,,A,,B,メルヘン
1257,乙女の妄想,右手持ち,3,,S,S,,A,,A,,,A,
1258,R-追憶少女,ヴェール,4,B,,S,,,S,,B,,A,メルヘン
1259,R-乙女の妄想,右手持ち,4,A,,SS,,SS,,A,,,A,
1260,SR-追憶少女,ヴェール,5,SS,,SS,,,S,,A,,A,メルヘン
1261,SR-乙女の妄想,右手持ち,5,SS,,SS,,A,,A,,,A,
1262,薔薇少女,ヴェール,5,SS,,SS,,,S,,A,,A,メルヘン
1263,乙女の妄想-薔薇,右手持ち,5,A,,SS,,SS,,A,,,A,
1264,朝露少女,ヴェール,5,A,,S,,,SS,,SS,,A,メルヘン
1265,乙女の妄想-露,右手持ち,5,S,,SS,,,S,,SS,,A,
1266,迷夢少女,ヴェール,5,A,,A,,SS,,SS,,,A,メルヘン
1267,乙女の妄想-夢,右手持ち,5,A,,SS,,SS,,A,,,S,
1268,花くらべ,ヘッドアクセ,3,,SS,S,,,A,,A,,B,
1269,淡き香り,右手持ち,3,,S,S,,,A,,B,,A,
1270,R-花くらべ,ヘッドアクセ,4,SS,,S,,A,,B,,,A,
1271,芳しき香り,右手持ち,4,SS,,SS,,,A,,A,,A,
1275,蘭の言葉,ヘッドアクセ,3,,S,SS,,B,,,A,,B,
1276,蘭曰く,右手持ち,3,,S,S,,A,,,B,,A,
1277,雪蘭の言葉,ヘッドアクセ,4,S,,S,,A,,,S,,A,
1278,雪蘭曰く,右手持ち,4,A,,SS,,S,,,A,,A,
1279,木蓮の秘密,ヘッドアクセ,5,SS,,SS,,S,,,A,,A,
1280,木蓮曰く,右手持ち,5,SS,,SS,,A,,,A,,A,
1281,幽蘭の言葉,ヘッドアクセ,5,S,,S,,SS,,S,,,A,
1282,幽蘭曰く,右手持ち,5,SS,,S,,S,,S,,,A,
1294,万象の玉,ヘッドアクセ,4,,SS,S,,A,,A,,A,,
1295,万象の玉(陰),ヘッドアクセ,5,A,,SS,,SS,,A,,A,,
1296,万象の玉(陽),ヘッドアクセ,5,A,,SS,,A,,,SS,A,,
1297,クラリネット,右手持ち,4,S,,SS,,A,,,A,B,,
1298,破れた楽譜,床,4,B,,SS,,SS,,,A,A,,
1299,素敵な楽曲,左手持ち,4,A,,S,,SS,,,B,A,,
1300,夢の翼,前景,5,A,,SS,,,A,,SS,,A,
1301,音楽の階段,後景,5,SS,,SS,,S,,,B,,S,
1302,蝶の幻想,ヘッドアクセ,5,S,,SS,,,S,,SS,,A,
1303,天空のバイオリン,両手持ち,5,A,,SS,,,A,,SS,,S,
1305,悪魔のトリル,手袋,5,A,,SS,,SS,,,S,,S,
1306,月夜の調べ,ネックレス,5,A,,SS,,,A,,SS,,A,
1307,蝶と恋の花,ネックレス,5,S,,SS,,,S,,A,,S,
1308,氷藍の心,手袋,5,S,,SS,,,A,,SS,,A,
1309,咲き誇る花,ヘッドアクセ,5,A,,S,,,S,,SS,,A,
1310,星と月,ネックレス,5,SS,,S,,A,,S,,,A,
1311,跳ねる音符,耳飾り,5,SS,,SS,,A,,A,,,S,
1312,音楽の城,ヘッドアクセ,5,A,,SS,,A,,,SS,,A,
1313,白と黒,後景,5,SS,,SS,,A,,A,,,S,
1314,バイオリンの語らい,床,5,SS,,SS,,A,,,A,,A,
1325,悠鳴の協奏曲,ヘッドアクセ,5,,S,S,,,B,,A,,A,英国風
1326,五線譜,フェイス,5,A,,,S,,S,,B,,B,
1328,朝日のアリア,右手持ち,5,A,,S,,B,,,S,,B,
1332,銀杏の祈り,ヴェール,5,A,,S,,SS,,A,,A,,英国風
1347,柔らかリボン(桃),ネックレス,5,,A,,A,,SS,,SS,,A,
1348,暖かな心,耳飾り,5,,A,,SS,,SS,,B,,A,
1349,ぼんやり顔,右手持ち,4,A,,,A,,SS,,SS,A,,小動物 ロリータ
1350,暖かなお供,手袋,4,A,,,A,,SS,,S,A,,ロリータ
1351,流れる蛍,右手持ち,3,A,,S,,,B,,S,,A,
1352,純銀,ヘッドアクセ,3,,S,S,,,A,,B,,A,
1353,瞬き,右手飾り,3,A,,S,,,A,,S,,A,
1354,孤独な星,ネックレス,3,,S,S,,,A,,B,,A,
1359,煌くネックレス,ヘッドアクセ,5,SS,,SS,,S,,,A,,A,中世ヨーロッパ風
1360,北極星の片眼鏡,フェイス,5,SS,,SS,,S,,S,,A,,英国風
1361,北極星の眼鏡,フェイス,5,A,,,SS,,SS,,A,,A,
1362,天星草,ヘッドアクセ,5,A,,,S,,SS,,SS,,A,
1363,星図ノート,右手持ち,5,A,,SS,,,A,,SS,,A,
1364,研究椅子,後景,5,,SS,SS,,A,,,S,,A,
1365,清き影の笛,右手持ち,5,S,,SS,,S,,,SS,,A,
1366,縁結ぶ灯,前景,5,A,,,SS,,SS,,S,,A,
1367,真夏の花盛り,ヘッドアクセ,5,A,,SS,,A,,,SS,,A,クラシックチャイナ
1368,墨の蝶,ネックレス,5,A,,SS,,A,,,SS,,S,クラシックチャイナ
1369,揺れるネックレス,ヘッドアクセ,5,SS,,SS,,A,,,A,,S,中世ヨーロッパ風
1370,かすかな花,マフラー,5,A,,SS,,A,,,SS,,S,
1371,夢絡む蔦,右手飾り,5,S,,SS,,SS,,,A,,A,
1372,夢繋ぐ蔦,左手飾り,5,S,,SS,,A,,,SS,,A,
1373,冬の出会い,マフラー,5,S,,,S,,S,,A,SS,,冬服
1374,落葉の季節,ヘッドアクセ,5,A,,,A,,SS,,A,SS,,冬服
1375,心繋ぐ電話,左手持ち,5,A,,,SS,,SS,,S,A,,
1376,レトロな駅,前景,5,SS,,S,,A,,,S,S,,
1377,懐かしの公衆電話,前景,5,SS,,SS,,A,,,S,A,,
1378,心の鍵,ネックレス,5,A,,S,,,SS,,SS,A,,
1379,暖かな日差し,ヘッドアクセ,5,A,,,SS,,SS,,A,S,,冬服
1380,浮かぶ月球儀,前景,5,SSS,,SSS,,S,,S,,A,,中世ヨーロッパ風
1381,本の山(少),前景,5,,A,SS,,SS,,,S,,S,
1382,天体望遠鏡,前景,5,SS,,SS,,A,,,A,,A,英国風
1383,魔法の星図鑑,後景,5,SS,,S,,A,,,A,,S,中世ヨーロッパ風
1384,レトロな星座儀,前景,5,SS,,SS,,A,,,A,,A,中世ヨーロッパ風
1385,本の山(多),後景,5,,A,S,,SS,,,A,,S,
1386,ホログラム通信機,フェイス,5,A,,A,,SS,,SS,,,A,
1387,監視装置,ヘッドアクセ,5,A,,SS,,SS,,A,,,S,
1388,動力エジェクタ,羽根,5,SS,,A,,S,,SS,,,A,
1389,THR-0509,前景,5,A,,,SS,,SS,,A,,S,
1390,花々の扇,左手持ち,5,A,,SS,,SS,,,A,A,,クラシックチャイナ
1391,花の冠,カチューシャ,5,S,,SS,,A,,,S,A,,クラシックチャイナ
1392,希本の本棚,後景,5,SS,,SS,,A,,S,,,A,中世ヨーロッパ風
1393,星の願い,ネックレス,5,A,,SS,,A,,,SS,,A,
1394,ピュアプリンセス,手袋,5,A,,SS,,SS,,,A,,S,
1395,柔らかリボン(黄),ネックレス,5,A,,,A,,SS,,SS,A,,
1396,かわいい顔,右手持ち,4,A,,,S,,S,,SS,A,,小動物 ロリータ
1397,素敵なお供,手袋,4,A,,,A,,SS,,SS,A,,小動物
1398,流れる蛍(赤),右手持ち,3,A,,,S,,S,,B,,A,
1399,純銀(赤),ヘッドアクセ,3,B,,,SS,,S,,B,,B,
1400,瞬き(赤),右手飾り,3,A,,,B,,S,,S,,B,
1401,孤独な星(赤),ネックレス,3,B,,S,,,A,,S,,B,
1402,流れる蛍(黒),右手持ち,3,A,,,S,,S,,A,,B,
1403,純銀(黒),ヘッドアクセ,3,A,,S,,S,,A,,,A,
1404,瞬き(黒),右手飾り,3,A,,S,,S,,A,,,B,
1405,孤独な星(灰),ネックレス,3,,S,S,,B,,A,,,A,
1406,豊かな色彩,ヘッドアクセ,5,A,,,S,,SS,,SS,,A,
1407,アリスのフォーク,右手持ち,4,SS,,,S,,A,,B,,A,
1408,勇敢な心,ヘッドアクセ,4,A,,,SS,,S,,A,,A,メルヘン
1409,百戦錬磨,ヘッドアクセ,5,SS,,SS,,A,,,S,,A,
1410,希望の剣,右手持ち,5,SS,,SS,,S,,A,,,A,ワル
1411,鋼のグローブ,手袋,5,A,,SS,,SS,,A,,,A,ワル
1412,エメンタール,ヴェール,4,A,,S,,S,,,A,A,,英国風
1414,甘いチーズ,腰飾り,4,A,,,S,,A,,SS,,A,
1415,ミントのバッグ,右手持ち,4,S,,,A,,S,,SS,A,,ロリータ
1416,ミントの帽子,ヴェール,4,S,,,A,,SS,,S,A,,ロリータ
1417,ミントのリボン,ネックレス,4,A,,SS,,B,,,S,,A,
1418,レトロなメガネ,フェイス,4,A,,,SS,,SS,,A,,B,
1419,レトロな帽子,ヘッドアクセ,4,A,,,A,,SS,,SS,B,,学生風
1420,貝殻と星,ネックレス,4,A,,S,,A,,,SS,,B,
1421,スケッチブック,右手持ち,4,,S,S,,,A,,A,,A,
1422,星の夢の書,右手持ち,4,S,,SS,,C,,,S,,A,
1423,瑠璃の星,ネックレス,4,,SS,,A,,B,,S,,A,
1424,星の夢の書(桃),右手持ち,4,A,,,S,,SS,,A,,A,
1425,瑠璃の星(桃),ネックレス,4,,S,,S,,A,,A,,A,
1426,星の夢の書(茶),右手持ち,4,A,,,SS,,S,,A,,B,
1427,瑠璃の星(黄),ネックレス,4,,S,,SS,,A,,B,,S,
1428,星の夢の書(紺),右手持ち,4,A,,,A,,SS,,S,A,,
1429,瑠璃の星(紺),ネックレス,4,,S,S,,,B,,A,,A,
1430,空歌,ヘッドアクセ,5,A,,S,,A,,,SS,,A,クラシックチャイナ
1431,三連ちまき,左手持ち,5,,SS,A,,S,,,SS,,A,クラシックチャイナ
1432,御守,カチューシャ,5,A,,S,,A,,,S,,A,クラシックチャイナ
1433,落月の畔,後景,5,S,,SS,,B,,,S,,A,
1434,空歌(青嵐),ヘッドアクセ,5,A,,SS,,SS,,,A,,B,クラシックチャイナ
1435,三連ちまき(肉),左手持ち,5,,SS,S,,S,,,SS,,A,クラシックチャイナ
1436,御守(青嵐),カチューシャ,5,S,,SS,,S,,,A,,B,クラシックチャイナ
1437,空歌(南風),ヘッドアクセ,5,A,,SS,,,SS,,A,,A,クラシックチャイナ
1438,三連ちまき(棗),左手持ち,5,A,,SS,,A,,,SS,,B,クラシックチャイナ
1439,御守(南風),カチューシャ,5,B,,S,,,S,,S,,A,クラシックチャイナ
1440,フェアリーの羽,ヘッドアクセ,2,,S,S,,A,,B,,,B,エスニック
1442,金石のブレスレット,手袋,2,,S,S,,B,,B,,,B,
1443,金の帯,腰飾り,2,,S,B,,B,,S,,,A,エスニック
1444,預言者の杖,左手持ち,3,B,,S,,S,,B,,,A,エスニック
1445,R-フェアリーの羽,ヘッドアクセ,3,A,,S,,S,,A,,,A,エスニック
1447,R-金石のブレスレット,手袋,3,B,,S,,S,,A,,,A,
1448,R-金の帯,腰飾り,3,A,,B,,S,,S,,,B,エスニック
1449,R-預言者の杖,左手持ち,4,S,,SS,,A,,A,,,B,
1450,SR-フェアリーの羽,ヘッドアクセ,4,SS,,S,,B,,A,,,A,
1452,SR-金石のブレスレット,手袋,4,S,,SS,,A,,A,,,A,
1453,SR-金の帯,腰飾り,4,S,,B,,A,,S,,,A,エスニック
1454,薔薇の香り,羽根,5,SS,,S,,S,,SS,,,A,ゴシック
1455,血色の花冠,ヴェール,5,S,,SS,,A,,S,,,S,ゴシック
1456,果てなき黒夢,ネックレス,5,A,,SS,,SS,,S,,,A,
1457,真実の灯,左手持ち,5,A,,SS,,SS,,S,,,A,
1458,霊隠の珠,右手飾り,4,,S,SS,,A,,,A,,A,
1459,霊隠の矢,右手持ち,5,S,,SS,,SS,,A,,,A,
1460,R-霊隠の珠,右手飾り,5,A,,SS,,SS,,A,,,A,
1461,霊蛇ポニ,マフラー,5,S,,A,,S,,SS,,,A,小動物
1462,霊隠の弓,左手持ち,5,A,,SS,,SS,,S,,,A,
1463,霊隠の珠-幻,右手飾り,5,A,,S,,A,,,SS,,A,
1464,霊蛇ポニ-幻,マフラー,5,A,,A,,SS,,SS,,,S,小動物
1465,クーリエバッグ,右手持ち,3,,A,,S,A,,,S,,B,
1466,クーリエ礼帽,ヘッドアクセ,3,,B,S,,A,,,S,,B,英国風
1467,クーリエ手袋,手袋,3,,S,A,,,B,,S,,A,
1468,クーリエ腕輪,右手飾り,3,,B,,S,,S,,B,,A,
1469,R-クーリエバッグ,右手持ち,4,A,,,SS,,S,,A,,B,
1470,R-クーリエ礼帽,ヘッドアクセ,4,A,,SS,,,B,,S,,A,英国風
1471,R-クーリエグローブ,手袋,4,B,,S,,,A,,SS,,A,
1472,R-クーリエ腕輪,右手飾り,4,A,,,S,,S,,A,,A,
1473,SR-クーリエバッグ,右手持ち,5,SS,,SS,,,A,,S,A,,
1474,SR-クーリエ礼帽,ヘッドアクセ,5,A,,,SS,A,,,SS,,A,英国風
1475,SR-クーリエグローブ,手袋,5,SS,,A,,,A,,SS,,S,
1476,SR-クーリエ腕輪,右手飾り,5,A,,,SS,A,,,SS,,S,
1477,クーリエ伝書鳩,前景,5,A,,,SS,A,,,SS,,S,小動物
1478,クーリエバッグ-手紙,右手持ち,5,S,,,SS,,SS,,A,,A,
1479,クーリエ礼帽-手紙,ヘッドアクセ,5,A,,,SS,,SS,,A,,A,英国風
1480,クーリエ手袋-手紙,手袋,5,S,,,SS,,S,,S,,A,
1481,クーリエ腕輪-手紙,右手飾り,5,A,,,SS,,SS,,S,,S,
1482,クーリエ伝書鳩-手紙,前景,5,SS,,SS,,,A,,A,A,,小動物
1483,チェリーのカチューシャ,ヘッドアクセ,3,B,,,A,,S,,S,,A,
1484,マジックチェリー,ネックレス,3,B,,,S,,S,,B,,A,
1485,チェリーのかごバッグ,ボディ,3,A,,,B,,S,,S,,B,
1486,チェリーのブレスレット,右手飾り,3,B,,,S,,SS,,B,,A,
1487,トラ耳帽子,ヘッドアクセ,4,A,,,SS,,SS,A,,,B,小動物
1488,トラのペンダント,ネックレス,4,,S,,S,,B,SS,,,A,小動物
1489,野生の印,タトゥー,4,,A,,A,SS,,SS,,,A,小動物
1490,トラの尻尾,しっぽ,4,B,,,SS,,SS,A,,A,,小動物
1491,可愛いアダン,前景,4,S,,S,,,A,,A,A,,小動物
1492,祝福の花紐,ヘッドアクセ,4,A,,SS,,,A,,S,,B,
1493,天青の法杖,右手持ち,4,A,,S,,SS,,B,,,A,ボヘミアン
1494,海と空,ネックレス,4,B,,SS,,S,,A,,,A,
1495,循環,右手飾り,4,A,,S,,S,,A,,,A,
1496,椿の帽子,ヘッドアクセ,4,B,,SS,,SS,,B,,,A,英国風
1497,椿の錦,マフラー,4,,S,,S,,SS,,A,B,,クラシックチャイナ
1498,椿の鞄,右手持ち,4,A,,SS,,SS,,B,,,A,英国風
1499,朱の椿,左手持ち,4,A,,,SS,,SS,,A,B,,
1500,鳴り止まぬ鼓動,耳飾り,5,A,,,SS,,S,,S,A,,
1501,ももこの手袋,手袋,5,SS,,SS,,,A,,S,A,,
1502,透明ナース帽,ヘッドアクセ,5,A,,,SS,,SS,,A,A,,メディカル
1503,いたずら注射器,右手持ち,5,S,,,S,,SS,,A,A,,メディカル
1504,点滴台,後景,5,A,,,A,,SS,,SS,,A,メディカル
1505,悪夢の診察室,後景,5,A,,,SS,,SS,,S,A,,メディカル
1506,7号標本,前景,5,S,,S,,SS,,S,,A,,
1507,虚妄の診察室,フェイス,5,S,,SS,,S,,S,,,S,メディカル
1508,六番目の契約書,両手持ち,5,A,,S,,SS,,SS,,A,,メディカル
1509,悪魔の手,手袋,5,,SS,SS,,A,,,S,A,,メディカル
1514,純銀の頭冠,ヘッドアクセ,5,S,,S,,S,,S,,,A,エスニック
1515,純銀の首輪,ネックレス,5,S,,SS,,A,,A,,,A,エスニック
1516,純銀の腕輪,手袋,5,A,,B,,SS,,S,,,A,
1517,夜の冠,ヘッドアクセ,5,SS,,SS,,S,,A,,,A,クラシックチャイナ
1518,凛夜の守護,手袋,5,A,,SS,,SS,,A,,A,,クラシックチャイナ
1519,天江の珠,ネックレス,5,A,,A,,SS,,SS,,,A,
1520,白虎の幽夜,前景,5,S,,A,,A,,SS,,A,,小動物
1521,雷のコウモリ,前景,5,SS,,SS,,S,,S,,,A,小動物
1522,コウモリの玉,耳飾り,5,S,,SS,,SS,,A,,,A,
1523,月の珠,右手飾り,5,S,,SS,,SS,,A,,,A,
1524,嫉妬の玉,ネックレス,5,S,,SS,,SS,,A,,,A,
1525,月のマント,マフラー,5,SS,,S,,S,,S,,A,,クラシックチャイナ
1526,中天の玄月,後景,5,SS,,SS,,S,,B,,A,,
1531,快適な部屋,ヘッドアクセ,3,A,,S,,,A,,S,,B,
1532,紙箱の世界,右手持ち,3,A,,,SS,,B,,S,,B,
1543,巡航,ヘッドアクセ,3,,B,,S,,S,,A,,A,エスニック
1544,R-巡航,ヘッドアクセ,4,,A,SS,,,A,,SS,,A,エスニック
1545,SR-巡航,ヘッドアクセ,5,SS,,S,,S,,,A,,A,エスニック
1546,レースパイピング,ヘッドアクセ,4,A,,B,,,SS,,S,,S,ロリータ
1547,古典の香り,ボディ,4,A,,S,,S,,,A,,A,英国風
1548,微光の夢,ヘッドアクセ,4,A,,,SS,,SS,A,,,B,近未来
1549,秘密の沈黙,手袋,4,,SS,,B,SS,,A,,,A,近未来
1550,ルインの尻尾,しっぽ,4,A,,,SS,,SS,A,,,B,近未来
1551,水槽の外の世界,前景,5,A,,SS,,,A,,SS,,A,小動物
1552,金魚飾り,ヘッドアクセ,5,S,,,SS,,S,A,,,A,小動物
1553,金魚の決意,ネックレス,5,A,,,SS,,SS,A,,,A,
1554,シバとケロピー,右手持ち,5,A,,,SS,,SS,A,,,A,小動物
1555,カエルのカチューシャ,ヘッドアクセ,5,,S,,A,,S,,SS,,S,
1556,深海のダイヤ,ネックレス,5,SS,,SS,,S,,,B,,S,
1557,水の輪,手袋,5,S,,SS,,S,,,SS,,A,
1558,海と空の誓い,手袋,5,SS,,SS,,A,,A,,,A,
1559,大空の羽冠,ヘッドアクセ,5,A,,SS,,SS,,S,,,A,
1560,星夜の賛,ネックレス,5,A,,SS,,,A,,S,,S,
1561,空翔る翼,羽根,5,SS,,SS,,A,,A,,,A,女神
1562,海と空のキス,床,5,A,,SS,,,A,,SS,,A,
1563,深海の出会い,前景,5,SS,,SS,,A,,,A,,A,
1564,海の出会い,ネックレス,5,SS,,SS,,S,,,S,,A,
1565,海夜の歌声,腰飾り,5,SS,,A,,A,,,SS,,A,
1566,海と空の約束,手袋,5,SS,,SS,,A,,A,,,A,
1570,シュロと花,ヘッドアクセ,4,B,,S,,B,,SS,,,A,
1571,海底の珊瑚,耳飾り,4,B,,A,,S,,SS,,,A,
1572,夕暮れの海,手袋,4,A,,S,,S,,B,,,A,
1573,ウクレレ,右手持ち,4,A,,S,,S,,A,,,S,
1574,真夏のシュロ,腰飾り,4,B,,A,,S,,S,,,A,水着
1575,海の星月,ヘッドアクセ,4,,A,,S,,A,,SS,,A,ネイビー
1576,錨のバッグ,ボディ,4,,S,,S,,S,,A,,A,ネイビー
1619,迷える子羊,前景,5,A,,A,,,S,,SS,,A,小動物
1620,羊飼いのつば広帽,ヴェール,5,S,,S,,,A,,A,,A,ロリータ
1621,牧場の果物籠,右手持ち,5,A,,S,,,A,,S,,A,
1622,牧場の乙女,ネックレス,5,A,,A,,,SS,,SS,,A,
1623,羊飼いの杖,左手持ち,5,S,,SS,,,A,,B,,A,
1625,花のレディー帽,ヘッドアクセ,4,A,,SS,,A,,,S,,A,
1626,繊細な光,耳飾り,4,,S,A,,A,,,SS,,B,
1627,小花の鎖,ネックレス,4,,SS,A,,A,,,S,,A,
1628,小さな花房,左手飾り,4,,SS,B,,A,,,S,,A,
1629,レディーの自転車,右手持ち,4,A,,SS,,A,,,S,,A,
1641,キュートなうさ耳,ヘッドアクセ,5,A,,,SS,,SS,A,,,A,近未来
1642,情報隠匿,フェイス,5,S,,,S,SS,,S,,,A,近未来
1643,アンジェリカの光刀,前景,5,B,,,A,SS,,SS,,,S,近未来
1644,超速の光陣,床,5,A,,,SS,,A,SS,,,S,近未来
1645,兎型ジェット船,後景,5,A,,,SS,,SS,A,,,A,
1646,仮想の視界,フェイス,5,S,,,SS,S,,A,,,S,近未来
1647,鋭い角,ヘッドアクセ,5,S,,,S,S,,S,,,S,近未来
1648,疾風の黒羽,マフラー,5,A,,,S,S,,SS,,,A,
1649,金翼の剣,右手持ち,5,SS,,,SS,A,,A,,,A,近未来
1650,光源の鎧,手袋,5,S,,,A,SS,,S,,,A,近未来
1651,光速の翼,羽根,5,S,,,SS,S,,A,,,A,近未来
1652,サクラ吹雪,前景,5,A,,S,,A,,,SS,,S,
1655,彷徨う小悪魔,前景,4,S,,,S,,S,A,,,A,
1656,小悪魔のランタン,左手持ち,4,A,,,SS,,S,A,,,A,
1657,悪戯な彼女,フェイス,4,A,,S,,,A,S,,,A,
1658,小悪魔の角,ヘッドアクセ,4,,A,,S,,S,A,,,B,小動物
1659,小悪魔のキャンディー,耳飾り,4,,A,,S,,S,A,,,A,
1660,ハロウィンマジック,手袋,4,S,,,S,,S,A,,,A,
1661,小悪魔の翼,羽根,4,,A,,SS,,S,A,,,A,小動物
1662,願い玉,ボディ,4,A,,B,,,SS,,S,,A,
1664,レースパイピング(桃),ヘッドアクセ,4,B,,A,,,S,,S,,A,
1665,詩集の香り,ボディ,4,,S,S,,,A,,A,,A,
1666,揺れる炎,前景,5,A,,SS,,SS,,,A,,S,クラシックチャイナ
1667,雲花の鏡,右手持ち,5,A,,SS,,SS,,,A,,A,
1668,彩蝶の冠,ヘッドアクセ,5,A,,SS,,SS,,,A,,A,クラシックチャイナ
1669,紅霞の美,後景,5,SS,,SS,,A,,,S,,A,クラシックチャイナ
1670,満ちる幸せ,床,5,A,,SS,,SS,,,A,,A,クラシックチャイナ
1671,ジェニーへ,ヴェール,5,SS,,A,,S,,,SS,,S,ウェディング
1672,薔薇が見た夢,ネックレス,5,A,,SS,,S,,,SS,,B,
1673,巡り合う恋,手袋,5,A,,S,,,SS,,S,,S,ウェディング
1674,偶然の出会い,後景,5,SS,,A,,A,,,SS,,A,小花柄
1679,記念すべき瞬間,前景,5,SS,,SS,,A,,S,,,A,中世ヨーロッパ風
1680,深海の真珠貝,床,5,S,,SS,,S,,A,,,S,
1681,真珠の華,ヘッドアクセ,5,S,,SS,,A,,S,,,A,女神
1682,数学ノート,左手持ち,3,,A,,A,,A,,A,,B,
1690,くるみ割り人形,前景,5,SS,,,SS,,A,,A,,A,メルヘン
1691,勇者の前進,ヘッドアクセ,5,S,,SS,,SS,,,A,,A,メルヘン
1692,沈黙のバグパイプ,腰飾り,5,S,,SS,,SS,,B,,,S,メルヘン
1693,カラフルな舞踏会,床,5,A,,,SS,,SS,,A,,A,メルヘン
1694,夜夢の王冠,ヘッドアクセ,5,SS,,S,,S,,A,,A,,メルヘン
1695,澄んだ星,耳飾り,5,S,,A,,SS,,SS,,A,,メルヘン
1696,夜夢の宝石,右手飾り,5,A,,A,,SS,,SS,,S,,メルヘン
1697,アメジストの杖,左手持ち,5,A,,SS,,SS,,A,,A,,メルヘン
1718,兎の時計,右手持ち,4,S,,S,,,A,,A,,S,メルヘン
1719,金縁眼鏡,フェイス,4,A,,,SS,,S,,A,,A,メルヘン
1720,兎の礼帽,ヘッドアクセ,4,S,,,A,,SS,,A,,A,メルヘン
1721,兎のリリアン,前景,4,A,,,S,,SS,,A,,A,小動物
1732,溢れる光,ネックレス,5,A,,,S,,S,A,,,A,
1733,ロマンロック,右手飾り,5,B,,,S,,A,SS,,,A,
1734,難攻不落,フェイス,5,A,,,S,,S,A,,,A,原宿系
1735,ジェリーヘッドフォン,ヘッドアクセ,5,A,,,SS,,S,A,,,A,
1736,モダンヒロイン,左手持ち,5,A,,,S,,S,A,,,S,
1746,明月夜,ヘッドアクセ,5,S,,SS,,,A,,S,,A,和風
1747,青鷺火,ネックレス,5,,SS,S,,,A,,A,,S,
1748,明月夜(青),ヘッドアクセ,5,A,,S,,,SS,,SS,A,,和風
1749,青鷺火(青),ネックレス,5,,SS,S,,A,,,S,,S,
1750,明月夜(金),ヘッドアクセ,5,SS,,SS,,,S,,A,A,,和風
1751,青鷺火(金),ネックレス,5,A,,S,,SS,,,A,S,,
1752,鯉のぼり,左手持ち,5,A,,,SS,,SS,,A,A,,和風
1753,母の鞄,右手持ち,5,S,,SS,,,S,,S,A,,
1754,桜の鞄,右手持ち,5,A,,S,,,SS,,SS,S,,
1755,桃香の鞄,右手持ち,5,S,,,SS,,S,,A,A,,
1762,祭りの花火,ヘッドアクセ,5,SS,,SS,,S,,A,,S,,和風
1763,琉璃ペンダント,ネックレス,5,A,,SS,,S,,S,,S,,
1764,夜の桜,左手持ち,5,SS,,SS,,A,,A,,A,,和風
1765,幻の狐,後景,5,SS,,SS,,A,,A,,S,,和風
1777,カラフルウサ耳帽,ヘッドアクセ,5,A,,SS,,,A,,SS,A,,ロリータ
1778,夜明けの歌,右手持ち,5,,S,,S,,A,,A,B,,
1779,凍てついた時間,ボディ,5,S,,,SS,,S,,S,A,,ロリータ メルヘン
1780,再会のメロディー,手袋,5,A,,SS,,,A,,SS,S,,ロリータ
1781,夜明けのシンフォニー,手袋,5,A,,,S,,SS,,S,A,,メルヘン
1782,暁光の羽,ヘッドアクセ,5,SS,,SS,,A,,,A,A,,冬服
1783,雪の絨毯,カチューシャ,5,A,,SS,,SS,,,A,A,,冬服
1784,啓示の光明,左手持ち,5,SS,,SS,,S,,A,,A,,
1785,神の言葉,手袋,5,S,,SS,,S,,,A,A,,
1793,狐の幻,ヘッドアクセ,4,A,,SS,,A,,SS,,B,,小動物
1794,夢,マフラー,4,A,,SS,,SS,,A,,A,,
1795,時の刀,左手持ち,4,A,,S,,A,,S,,A,,
1805,毛糸の帽子,ヘッドアクセ,3,,S,,S,,B,,A,B,,
1806,白黒メガネ,フェイス,3,A,,,S,,S,,B,,B,
1807,紅葉のマフラー,マフラー,3,A,,,A,,S,,S,B,,
1808,栗の思い出,左手持ち,3,,S,,S,,A,,B,A,,
1822,花と夜風,ヘッドアクセ,5,SS,,SS,,,A,,A,,S,
1823,ローズゴールド,手袋,5,S,,SS,,,S,,A,,A,
1824,光の影,右手持ち,5,A,,SS,,SS,,,A,,S,
1825,露抱く雲,ヘッドアクセ,5,A,,S,,S,,,A,,A,
1826,夢の痕跡,手袋,5,SS,,S,,S,,A,,,A,
1827,雪蓮,床,5,SS,,S,,S,,,S,,A,
1828,雪姫の吐息,前景,5,SS,,SS,,S,,A,,,A,
1829,雪融けの合図,カチューシャ,5,A,,SS,,A,,,SS,,S,
1830,雪の結晶,ネックレス,5,SS,,S,,S,,,A,,A,
1831,霜柱の扇子,右手持ち,5,A,,SS,,SS,,A,,,A,和風
1833,雪の髪飾り,ヘッドアクセ,4,A,,,S,,SS,,S,B,,
1834,聖夜のスカーフ,ネックレス,4,,B,SS,,,A,,S,A,,
1835,ジンジャーブレッド,ボディ,4,A,,,SS,,S,,A,A,,
1836,聖夜の傘,左手持ち,4,A,,,S,,SS,,B,A,,
1837,雪の髪飾り(羽),ヘッドアクセ,4,A,,S,,,SS,,A,A,,
1838,聖夜のスカーフ(羽),ネックレス,4,,S,,S,,A,,A,A,,
1839,ジンジャーブレッド(羽),ボディ,4,A,,,S,,S,,S,A,,
1840,聖星の傘(羽),左手持ち,4,A,,,S,,S,,A,A,,
1841,淡雪の輝き,ヴェール,5,SS,,SS,,A,,A,,,A,和風
1842,艶めく簪,ヘッドアクセ,5,S,,SS,,SS,,A,,,A,クラシックチャイナ
1843,雀の扇,耳飾り,5,S,,SS,,SS,,S,,,A,クラシックチャイナ
1844,弦音の夢,左手持ち,5,S,,SS,,S,,A,,,S,クラシックチャイナ
1848,幻夢の千蝶,前景,5,SS,,SS,,S,,A,,,A,メルヘン 小動物
1849,闇夜の王冠,ヘッドアクセ,5,SS,,S,,A,,S,,,S,
1850,星屑のブレスレット,手袋,5,SS,,SS,,A,,A,,,S,
1851,暗月の杖,左手持ち,5,S,,A,,SS,,SS,,,S,メルヘン
1852,深淵の翼,しっぽ,5,SS,,SS,,S,,S,,,A,メルヘン
1853,白鳩の舞,前景,5,S,,S,,,SS,,S,,B,メルヘン
1854,白昼の冠,ヘッドアクセ,5,SS,,SS,,,S,,S,,A,小動物
1855,精霊の秘密話,耳飾り,5,A,,A,,,SS,,SS,,A,
1856,太陽の心,ネックレス,5,SS,,SS,,,S,,A,,A,
1857,黎明の翼,羽根,5,S,,A,,,SS,,SS,,S,メルヘン
1858,アイアンローズのティアラ,ヘッドアクセ,5,S,,SS,,,A,,A,,A,
1859,アウラのバースデーソング,カチューシャ,5,B,,,SS,,A,,S,,A,
1860,ロイスのネックレス,ネックレス,5,SS,,SS,,,B,,A,,B,
1861,白蓮のバースデーカード,右手飾り,5,A,,,A,,SS,,S,,A,
1862,ジェーンの手作りギフト,左手飾り,5,A,,,A,,S,,S,,A,
1863,ニーズヘッグの祝福,床,5,S,,,SS,,A,,A,,A,ロリータ 小動物
1864,モモの本音,後景,5,A,,,S,,S,,A,,A,小動物
1865,ジョブ・ルーニーのギフト,前景,5,S,,,SS,,A,,A,,A,
1866,鶴の鳴き声,ネックレス,5,S,,SS,,S,,A,,,A,クラシックチャイナ
1884,氷花の髪飾り,ヘッドアクセ,5,A,,S,,S,,,SS,,A,
1885,雪夜の灯,左手持ち,5,A,,SS,,A,,,SS,,A,メルヘン
1886,雪のトナカイ,後景,5,SS,,S,,A,,,A,,A,小動物
1887,星のサンタ帽,ヘッドアクセ,5,S,,,SS,,SS,,A,A,,
1888,聖夜の贈り物,右手持ち,5,SS,,,SS,,S,,A,A,,
1889,聖夜の鈴,ネックレス,5,A,,,SS,,SS,,A,S,,
1890,聖夜の暖炉,後景,5,SS,,,SS,,A,,A,S,,
1943,聖夜の恋歌,ネックレス,4,,SS,,A,,A,,S,,A,
1944,聖夜の雪だるま,右手持ち,4,A,,SS,,,A,,S,A,,
1946,クリスマスウィッシュ,ヘッドアクセ,4,A,,,A,,S,,SS,,A,
1947,輝く虹,耳飾り,4,A,,,SS,,S,,A,,B,
1948,煌く星,フェイス,4,A,,,S,,S,,B,,S,
1949,甘いクリスマス,ネックレス,4,A,,SS,,,A,,SS,B,,
1967,グリフォン・ウノ,前景,5,A,,SS,,SS,,S,,,A,小動物
1968,王の盛宴,後景,5,SS,,SS,,A,,A,,,A,エスニック
1969,供物の羽,ヘッドアクセ,5,A,,SS,,SS,,A,,,A,エスニック
1970,美しき幻,ネックレス,5,A,,S,,SS,,SS,,,A,
1971,勇士の剣,両手持ち,5,A,,SS,,SS,,A,,,A,
1972,錦紗のパフスリーブ,手袋,5,S,,B,,SS,,SS,,,A,エスニック
1973,運命の書,床,5,SS,,A,,A,,,SS,,A,
1974,真理の薄布,ヴェール,5,SS,,SS,,A,,A,,,S,エスニック
1975,預言者の冠,ヘッドアクセ,5,A,,SS,,SS,,S,,,A,エスニック
1976,星の首飾り,ネックレス,5,A,,SS,,SS,,S,,,A,
1977,星のブレスレット,手袋,5,SS,,SS,,A,,A,,,A,
1978,命の代償,ヴェール,5,S,,SS,,A,,S,,,A,エスニック
1979,月夜の石,ヘッドアクセ,5,A,,A,,SS,,SS,,,A,
1989,紅花の冠,ヘッドアクセ,5,S,,SS,,SS,,A,,A,,クラシックチャイナ
1990,金の瓔珞,ネックレス,5,SS,,S,,S,,S,,A,,クラシックチャイナ
2051,エンジェル,前景,4,A,,,S,,SS,,B,,A,メルヘン
2052,天使の輪,ヘッドアクセ,4,,A,,SS,,A,,S,,A,メルヘン
2053,天使の心,カチューシャ,4,,A,,A,,SS,,S,,A,
2054,天使のチョーカー,ネックレス,4,,A,,A,,SS,,SS,,A,
2055,天使の矢,右手持ち,4,SS,,SS,,,A,,A,,A,
2056,愛の言葉,手袋,4,,A,,A,,SS,,SS,,A,
2057,天使の弓,左手持ち,4,S,,SS,,,A,,B,,A,
2058,天使の翼,しっぽ,4,,B,,A,,S,,SS,,B,メルヘン
2059,心の在り処,手袋,4,S,,,SS,,A,,A,,B,メルヘン
2062,遠い日の記憶,ヘッドアクセ,5,A,,,SS,,SS,,A,,A,和風
2063,子供の巾着,右手持ち,5,A,,,S,,SS,,SS,,A,
2064,わらしのお人形,左手持ち,5,A,,,A,,SS,,SS,,A,和風
2065,烏天狗のお面,ヴェール,5,SS,,A,,A,,SS,,A,,小動物
2066,鉄羽の証,カチューシャ,5,A,,SS,,SS,,A,,A,,和風
2067,獣の牙,ネックレス,5,SS,,SS,,A,,A,,A,,
2068,羽の念珠,マフラー,5,SS,,SS,,A,,A,,A,,
2069,神の手,手袋,5,S,,S,,SS,,S,,A,,和風
2070,念の錫杖,左手持ち,5,A,,S,,SS,,S,,S,,
2071,魂の封印,前景,5,A,,SS,,SS,,A,,S,,和風
2072,天玄羽,羽根,5,SS,,SS,,S,,A,,A,,
2073,輪廻の結び,右手飾り,5,A,,S,,SS,,S,,A,,
2074,前世の光,左手飾り,5,A,,S,,SS,,SS,,A,,
2075,魔法の葉,前景,5,S,,,SS,,A,,SS,,A,
2076,忘れぬ思い出,ヘッドアクセ,5,A,,,S,,S,,SS,,A,
2077,狸姫の魔法,カチューシャ,5,,S,,SS,,S,,A,,S,
2078,再開の宴,右手持ち,5,A,,,SS,,SS,,S,,A,
2079,秘密の袋,ボディ,5,S,,S,,,S,,SS,,S,
2080,狸の尻尾,しっぽ,5,A,,,SS,,SS,,S,,A,
2081,狸ちゃん,床,5,A,,SS,,SS,,,A,,S,小動物
2082,魔法の青石,後景,5,S,,,SS,,SS,,A,,A,
2083,琴の音色,ヘッドアクセ,5,A,,SS,,SS,,A,,S,,和風
2084,骸の台座,床,5,SS,,A,,S,,SS,,A,,
2085,青い鬼火,前景,5,S,,,S,,S,,A,,S,小動物
2086,悪魔,ヘッドアクセ,5,A,,SS,,S,,S,,,A,
2087,黄泉の酒,床,5,SS,,A,,SS,,S,,,S,エスニック
2088,運命の箱,吊り,5,S,,SS,,SS,,A,,,A,
2089,骸骨の王座,後景,5,SS,,SS,,A,,S,,,A,エスニック
2097,お手伝いの頭巾,ヘッドアクセ,5,A,,,SS,,SS,,A,A,,
2098,本日のおすすめ,床,5,A,,SS,,,A,,SS,A,,
2099,龍舞,前景,5,A,,,SS,,SS,,S,A,,小動物
2100,モモの屋台,後景,5,S,,SS,,,B,,A,A,,モダンチャイナ
2101,魂の卓,後景,5,A,,SS,,SS,,A,,,S,
2110,緋傘,前景,5,SS,,SS,,A,,A,,,A,
2115,天然のツインテール,ヘッドアクセ,4,S,,,S,,S,,A,,A,
2116,ツインテール記念,右手飾り,4,B,,,S,,A,,SS,,A,
2126,一気飲み,右手持ち,5,S,,A,,SS,,S,,,A,
2127,赤色の帰着,ネックレス,5,S,,S,,A,,SS,,,S,
2129,運命の鎖,手袋,5,SS,,SS,,A,,A,,,S,
2130,悪魔の花,タトゥー,5,SS,,A,,A,,SS,,,A,エスニック
2188,桜吹雪,前景,5,A,,SS,,,A,,SS,,A,
2189,花嫁の綿帽子,ヴェール,5,A,,S,,,S,,SS,,S,ウェディング 和風
2190,祝福の桜,カチューシャ,5,SS,,SS,,,S,,S,,A,和風
2191,薫る花の扇,左手持ち,5,SS,,SS,,,A,,A,,S,和風
2192,チョコレート,右手持ち,4,A,,,A,,SS,,S,,S,
2196,幸せの冠,ヴェール,4,A,,S,,S,,A,,S,,和風
2197,桃の節句,ヘッドアクセ,4,S,,S,,A,,S,,A,,和風
2198,華やかな春,左手持ち,4,A,,SS,,S,,A,,A,,
2199,夢灯し,前景,4,SS,,S,,A,,,A,A,,
2201,スノウフラワー,ヘッドアクセ,3,A,,S,,,A,,S,,B,
2204,七夕の夜,右手持ち,3,A,,S,,,A,,S,,A,
2205,レースアイマスク,ヘッドアクセ,4,B,,,SS,,SS,A,,,A,
2206,レースチョーカー,ネックレス,4,A,,,SS,,A,SS,,,B,
2207,リボン付き枕,右手持ち,4,A,,,B,,SS,,S,,A,
2211,ホワイト羊,前景,5,S,,,SS,,SS,,B,,A,近未来 小動物
2212,感知アンテナ,ヘッドアクセ,5,,S,,SS,,A,,A,,A,
2213,サイボーグの天使,つけ耳,5,A,,,A,,S,,SS,,A,近未来
2214,初期モデル,ネックレス,5,A,,SS,,,A,,SS,,A,
2215,ゲームの達人,右手持ち,5,A,,,SS,,SS,,A,,A,
2216,記憶のメモリ,手袋,5,A,,,SS,,S,,SS,,A,近未来
2217,バックトラッキング,左手持ち,5,A,,,S,,SS,,S,,S,近未来 小動物
2218,リセットと再起動,腰飾り,5,,S,,SS,,A,,A,,A,
2219,星の冠,ヘッドアクセ,5,SS,,SS,,A,,A,,,S,
2220,灯の耳飾り,耳飾り,5,SS,,S,,SS,,A,,,A,
2221,温もりの首飾り,ネックレス,5,SS,,S,,SS,,A,,,A,
2222,お見送り,手袋,5,S,,SS,,S,,SS,,,B,
2223,愛の冠,ヘッドアクセ,5,SS,,A,,SS,,A,,,A,
2224,ボクの猫耳,つけ耳,5,A,,SS,,A,,SS,,,A,
2225,手を繋ごう,手袋,5,A,,SS,,SS,,S,,,S,
2247,夜鳴鶯の歌,ヘッドアクセ,5,SS,,A,,,A,,SS,,A,ロリータ
2248,孤独の歌,ネックレス,5,SS,,SS,,,A,,A,,S,
2249,輪廻の歌,手袋,5,A,,SS,,,SS,,A,,A,ロリータ
2276,海の祈り,ヘッドアクセ,5,SS,,SS,,A,,,A,,A,
2277,朝霧の舞,手袋,5,A,,SS,,SS,,,S,,A,ウェディング
2278,夢の囁き,ネックレス,5,SS,,SS,,S,,,A,,A,
2279,月の階段,床,5,SS,,SS,,S,,,A,,A,
2280,月の河,後景,5,S,,S,,A,,,SS,,A,
2281,誓いの舞蝶,前景,5,S,,SS,,A,,,S,,S,
2282,心のティアラ,ヘッドアクセ,5,SS,,SS,,A,,,A,,A,
2283,勇気の真珠,手袋,5,A,,S,,A,,,SS,,S,ウェディング
2284,心の願い,手袋,5,SS,,SS,,A,,,A,,A,ウェディング
2285,砂糖の思い出,両手持ち,5,SS,,SS,,A,,,A,,A,ウェディング
2286,輝く薄絹,ネックレス,5,A,,SS,,SS,,,A,,A,
2287,少女の想い,カチューシャ,5,S,,SS,,SS,,,A,,A,ウェディング
2288,桜乱舞,前景,5,A,,SS,,,A,,SS,,A,
2289,始まりの春,ヴェール,5,SS,,SS,,,A,,S,,A,和風
2290,花灯,カチューシャ,5,S,,S,,,S,,SS,,A,
2291,夢見草,マフラー,5,SS,,SS,,A,,,A,,A,
2293,終わりの春,ヴェール,5,SS,,SS,,A,,,S,,A,和風
2294,さくらもちうさぎ,ヘッドアクセ,5,A,,,SS,,SS,,A,,A,小動物
2295,花びらの舞,カチューシャ,5,A,,,S,,SS,,SS,,A,
2296,春の音,カチューシャ,5,S,,S,,,S,,SS,,A,
2297,桜の香,右手持ち,5,A,,SS,,,A,,SS,,S,ロリータ
2298,卒業証書(黒),右手持ち,4,B,,SS,,S,,,A,,S,学生風
2339,パンダキャップ,ヘッドアクセ,3,A,,,S,,S,,B,,A,小動物
2340,パンダポシェット,ボディ,3,B,,,SS,,S,,A,,B,小動物
2366,星の軌道,ヘッドアクセ,5,A,,SS,,SS,,S,,,A,
2367,夢の翼,ネックレス,5,SS,,SS,,A,,A,,,A,
2368,流星群,前景,5,A,,SS,,A,,SS,,,A,
2369,スターステージ,床,5,S,,S,,A,,S,,,S,
2372,戻らぬ時間,マフラー,5,A,,SS,,S,,,SS,,A,
2373,医者への道,ボディ,5,SS,,SS,,S,,,A,,A,
2374,命の儚さ,左手持ち,5,,SS,SS,,S,,,A,,A,
2375,小さい頃の約束,ヘッドアクセ,5,A,,,A,,SS,,SS,,A,学生風
2376,幸せな学園生活,マフラー,5,A,,,A,,SS,,SS,,S,
2377,憧れの存在,腰飾り,5,A,,SS,,,S,,SS,,A,
2378,心の封印,右手持ち,5,,SS,,S,,SS,,A,,A,
2379,秘密の紙飛行機,後景,5,S,,,SS,,S,,SS,,A,
2395,水色真珠のネックレス,ネックレス,3,,S,S,,A,,,A,,B,
2411,愛と偶像,ヘッドアクセ,5,S,,,SS,,SS,,S,,A,ロック
2412,過去との決別,マフラー,5,A,,,SS,,SS,,A,,A,
2413,匿名の招待状,右手飾り,5,S,,,S,,S,,SS,,A,
2414,灰色の心,手袋,5,S,,SS,,,A,SS,,,S,ロック
2415,欲望と契約,前景,5,A,,,SS,,S,A,,,A,ロック
2416,夢の代償,ヘッドアクセ,5,A,,,SS,,SS,A,,,A,
2421,海のリボン,ヘッドアクセ,3,A,,S,,A,,S,,,A,
2428,軽やかな造花,ヘッドアクセ,5,S,,SS,,,S,,B,,A,
2429,幸運の時間,ネックレス,5,A,,S,,,B,,SS,,A,
2430,ハートの針山,右手飾り,5,A,,S,,,S,,A,,A,
2431,金羽の鋏,右手持ち,5,SS,,SS,,,B,,A,,A,ロリータ
2432,トルソー,後景,5,SS,,SS,,,B,,A,,A,ロリータ
2438,風そよぐ,ヘッドアクセ,3,,S,,S,,B,,A,,A,
2439,爽やかな日差し,ネックレス,3,,S,S,,,A,,A,,B,
2443,紺色の団扇,左手持ち,3,B,,S,,,A,,S,,A,クラシックチャイナ
2513,時空ナビ,前景,5,S,,A,,SS,,S,,,A,近未来
2514,宙の夜明け,ヘッドアクセ,5,,SS,A,,A,,SS,,,A,
2515,虚空世界,タトゥー,5,A,,SS,,A,,SS,,,A,近未来
2516,時の逆流,手袋,5,SS,,A,,SS,,A,,,A,近未来
2555,華美な髪飾り,ヘッドアクセ,5,SS,,SS,,S,,,A,,A,
2556,神仙の波と扇子,ネックレス,5,SS,,SS,,A,,,A,,A,
2557,番いの蓮の耳飾り,耳飾り,5,A,,S,,S,,,A,,B,
2558,満月のぶつかり,ヘッドアクセ,5,SS,,SS,,A,,,A,,A,
2559,孤高の心,床,5,S,,A,,S,,,SS,,A,
2560,竹取夢物語,後景,5,S,,SS,,S,,,A,,A,
2561,碧玉の月煙,前景,5,SS,,S,,S,,,A,,S,
2596,笹の葉と短冊,後景,5,A,,SS,,S,,,SS,,A,
2608,わんわんポリス,前景,5,S,,,SS,,S,,A,,A,小動物
2609,絶対的権威,ヘッドアクセ,5,S,,S,,SS,,,A,,S,ミリタリー
2610,信号受信器,耳飾り,5,S,,S,,S,,,A,,S,
2611,レーザーピストル,両手持ち,5,A,,SS,,SS,,S,,,A,ミリタリー
2612,電気手錠,右手飾り,5,A,,SS,,SS,,S,,,A,
2613,追跡タイム,手袋,5,,SS,S,,A,,A,,,A,
2614,クルトの星型絆創膏,タトゥー,5,A,,,S,,SS,,S,,A,
2615,アクシデント,フェイス,5,A,,,SS,,A,,SS,,A,
2616,盗まれたハート,後景,5,SS,,,S,,A,,SS,,A,
2617,罪業のクロス,耳飾り,5,A,,SS,,S,,S,,,S,
2618,契約と首輪,ネックレス,5,A,,S,,SS,,S,,,S,
2619,クルトの逆説,腰飾り,5,S,,S,,SS,,S,,,A,
2620,特製手錠,右手飾り,5,A,,SS,,SS,,A,,,A,
2621,魂の手術跡,タトゥー,5,S,,S,,SS,,SS,,,A,
2622,指名手配,後景,5,SS,,SS,,A,,A,,,A,
2678,ピンクカボチャの帽子,ヘッドアクセ,3,B,,B,,,S,,S,,A,
2679,星空の夢(ピンク),ネックレス,3,B,,,B,,S,,S,,A,
2680,星のステッカー,手袋,3,B,,,A,,S,,S,,A,
2681,星空の夢(青),ネックレス,3,B,,,S,,A,,SS,,B,
2712,吉兆の雲,前景,5,SS,,,SS,,S,,A,A,,小動物
2713,氷兎の手袋,手袋,5,A,,,SS,,S,,S,A,,
2714,星宿の杖,左手持ち,5,SS,,,A,,SS,,A,A,,
2715,吉兆の夢,手袋,5,A,,,SS,,A,,SS,A,,
2716,氷兎のリンロン,後景,5,B,,,SS,,SS,,S,A,,小動物
2717,美しき世界,前景,5,SS,,SS,,S,,A,,,A,
2718,金魚の花飾り,ヘッドアクセ,5,S,,A,,SS,,A,,,S,
2719,幸せの詰め合わせ,右手持ち,5,SS,,S,,A,,S,,,S,
2720,自慢の尾鰭,しっぽ,5,SS,,SS,,A,,A,,,S,
2721,水色の花飾り,ヘッドアクセ,5,A,,,SS,,S,,SS,,A,
2722,小花の腕飾り,左手飾り,5,,A,,SS,,SS,,A,,S,
2723,祭りの土産,右手持ち,5,,A,,SS,,S,,SS,,A,
2724,金魚とお揃い,しっぽ,5,A,,,SS,,SS,,A,,A,
2725,運命の夏,ヘッドアクセ,5,A,,S,,,A,,S,,A,
2726,星空イヤーカフ,耳飾り,5,S,,SS,,,S,,S,,B,
2727,繋ぎかけの手,手袋,5,,SS,SS,,,A,,S,,B,
2728,君だけに見せる顔,左手持ち,5,S,,A,,,SS,,S,,S,
2729,夏祭りの思い出,右手持ち,5,S,,SS,,,S,,SS,,A,
2730,天の風景,前景,5,SS,,A,,S,,,S,,S,小動物
2731,紫の鹿角,ヘッドアクセ,5,SS,,SS,,A,,,A,,S,
2732,銀杏の簪,カチューシャ,5,S,,S,,SS,,,A,,A,クラシックチャイナ
2733,金木犀の香り,手袋,5,SS,,SS,,A,,,A,,A,
2734,天廟の鈴,マフラー,5,S,,SS,,S,,,SS,,S,
2735,雨雲の扇子,左手持ち,5,SS,,SS,,A,,,A,,S,
2736,最後の袴,腰飾り,5,S,,S,,SS,,,S,,A,クラシックチャイナ
2737,澄んだ睡蓮,床,5,SS,,SS,,A,,,S,,A,クラシックチャイナ
2738,天の香り,手袋,5,A,,SS,,A,,,S,,S,クラシックチャイナ
2739,和柄のヘッドアクセ,ヘッドアクセ,5,A,,,SS,,SS,,A,,A,和風
2740,おこづかいの目標,手袋,5,S,,,SS,,SS,,SS,,A,和風
2741,おしながき,左手持ち,5,A,,,SS,,S,,SS,,A,
2742,祭り見物,手袋,5,SS,,,A,,SS,,A,,S,和風
2743,和菓子の屋台,後景,5,SS,,,SS,,A,,S,,A,和風
2752,ぬいぐるみのピピ,右手持ち,5,S,,,A,,SS,,SS,,A,小動物
2753,ピアノちゃんとマイメロディ,後景,5,SS,,,SS,,S,,A,,A,ロリータ 小動物
2754,しあわせリボン,ヘッドアクセ,5,,SS,,S,,A,,SS,,A,
2755,マイスウィートピアノ,つけ耳,5,A,,,SS,,SS,,A,,S,
2756,かわいいお花かご,右手持ち,5,A,,,SS,,SS,,S,,A,小動物
2763,真夏日和,ヘッドアクセ,5,,SS,,A,,SS,,A,,B,
2764,晴れた日の午後,耳飾り,5,,S,,S,,S,,A,,A,
2765,彩色のきらめき,フェイス,5,,SS,,A,SS,,A,,,A,
2766,ねこねこチャーム,ネックレス,5,,SS,,A,A,,SS,,,A,
2767,20のタトゥー,タトゥー,5,,A,,S,A,,SS,,,A,
2768,虹色サンシャイン,肌,5,,SS,,S,,A,A,,,A,
2893,鈴花,ヘッドアクセ,5,SS,,SS,,A,,A,,S,,和風
2894,念旧,耳飾り,5,S,,SS,,A,,S,,A,,
2895,修羅刀,左手持ち,5,S,,A,,SS,,SS,,A,,和風
2896,破空,腰飾り,5,SS,,SS,,A,,A,,S,,
2897,蛇の口付け,タトゥー,5,A,,A,,S,,SS,,A,,
2898,極道の義,後景,5,A,,A,,SS,,SS,,A,,
2938,初志貫徹,手袋,5,A,,A,,S,,SS,,,S,
2939,焔のヘルメット,右手持ち,5,A,,SS,,A,,SS,,,A,
2940,優勝旗,左手持ち,5,A,,SS,,SS,,A,,,A,
2941,最速のオフロード車,後景,5,SS,,S,,SS,,A,,,A,
2942,サウンドオブサーキット,カチューシャ,5,A,,,SS,,SS,,A,,A,
2943,正確なナビ,耳飾り,5,SS,,,SS,,A,,S,,A,近未来
2944,純粋理念,手袋,5,A,,,SS,,SS,,S,,A,近未来
2944,勝利の記号,左手持ち,5,S,,,S,,SS,,S,,A,
2953,花とリボン,ヘッドアクセ,5,S,,,S,,S,,SS,,A,
2954,小さな助言,耳飾り,5,A,,,S,,SS,,SS,,A,
2955,手首のレース,手袋,5,A,,,A,,SS,,SS,,A,
2956,黒柴のクロ,床,6,SS,,,SS,,S,S,,S,,小動物
2957,やり直したい１日,ヘッドアクセ,5,S,,SS,,SS,,A,,A,,和風
2958,魔法の懐中時計,左手持ち,5,A,,SS,,A,,SS,,S,,
2960,思い出トランク,後景,5,SS,,SS,,A,,S,,S,,
2961,赤茶柴のポチ,吊り,6,A,,SS,,SS,,S,,S,,小動物
2962,幸せの青い鳥,前景,6,S,,,SS,,SS,,A,A,,
2963,馨子の帽子,ヘッドアクセ,6,S,,,SS,,SS,,S,S,,
2964,オシャレ眼鏡,フェイス,6,,SS,,S,,SS,,A,S,,
2965,懐かしい呼び名,耳飾り,6,A,,,SS,,A,,SS,S,,
2966,恋愛日記,左手持ち,6,A,,,SS,,S,,SS,S,,和風
2967,幸せトランク,後景,6,S,,,SS,,S,,SS,A,,
2968,猫次郎,フェイス,5,B,,,SS,,SS,,S,S,,
2969,赤いショール,マフラー,5,A,,,SS,,A,,SS,A,,
2970,日除け傘,右手持ち,5,S,,SS,,,A,,S,A,,
2971,話題の新刊,左手持ち,5,S,,SS,,,A,,SS,A,,
2993,永遠の花雨,前景,5,A,,,A,,SS,,SS,,S,
2994,桜のティーカップ,床,5,A,,,SS,,SS,,S,,A,ロリータ
2995,静かな花園,ヘッドアクセ,5,A,,,S,,SS,,SS,,A,
2996,パペットの耳飾り,耳飾り,5,A,,,SS,,S,,SS,,A,
2997,パペットの花飾り,右手飾り,5,A,,,SS,,A,,SS,,A,
2998,パペットのリボン,左手飾り,5,A,,,S,,SS,,S,,S,
3031,ドーナツ詰め合わせ,右手持ち,3,B,,,S,,A,,S,,A,
3072,猫の礼帽,ヘッドアクセ,5,SS,,,SS,,A,,A,A,,小動物
3073,伯爵のリボンタイ,ネックレス,5,A,,SS,,,A,,SS,S,,
3074,貴族のマナー,手袋,5,A,,SS,,SS,,,B,S,,
3075,伯爵の勲章,腰飾り,5,A,,SS,,S,,,S,S,,
3076,アクアマリンの杖,左手持ち,5,SS,,SS,,A,,,A,A,,
3077,グレーの尻尾,しっぽ,5,S,,,SS,,SS,,A,A,,小動物
3078,グンネル嬢,後景,5,A,,,SS,,S,,A,,A,小動物
3079,猫執事,前景,5,S,,SS,,SS,,,A,,A,小動物
3080,月見提灯,吊り,5,A,,S,,SS,,,A,,A,和風
3081,中秋の名月,ヘッドアクセ,5,A,,A,,,SS,,SS,,A,和風
3082,月見団子とススキ,床,5,,SS,,A,,S,,A,,A,和風
3083,兎団子三兄弟,左手持ち,5,,SS,,A,,A,,SS,,A,和風
3084,月夜の巾着袋,右手持ち,5,S,,SS,,S,,,A,,A,和風
3085,十五夜の使者,前景,5,A,,,SS,,SS,,S,,A,和風
3086,春の国,前景,5,A,,S,,,S,,SS,,S,
3087,沿道の景色,ヘッドアクセ,5,SS,,SS,,,S,,A,,A,
3088,花の種,カチューシャ,5,A,,A,,,SS,,SS,,S,
3089,秋の露,耳飾り,5,SS,,SS,,,S,,A,,A,
3090,漂う夜風,手袋,5,A,,SS,,,A,,SS,,A,
3091,春の翼,左手持ち,5,S,,A,,,S,,SS,,S,
3092,ミントティー,手袋,5,SS,,SS,,,A,,A,,A,
3093,雁の羽,床,5,SS,,S,,,A,,SS,,A,
3138,夜薔薇の羽飾り,ヘッドアクセ,5,SS,,SS,,A,,A,,S,,中世ヨーロッパ風
3139,愛の重荷,ネックレス,5,SS,,SS,,A,,S,,A,,
3140,夜半の蝶,右手持ち,5,SS,,SS,,S,,A,,A,,
3141,寂夜千年,手袋,5,A,,SS,,SS,,A,,A,,
3142,淑女の羽飾り,ヘッドアクセ,5,A,,SS,,SS,,A,,S,,中世ヨーロッパ風
3143,夢の終幕,フェイス,5,SS,,SS,,A,,A,,A,,
3144,刹那の永遠,ネックレス,5,SS,,A,,S,,SS,,A,,
3145,エンドノート,左手持ち,5,A,,S,,SS,,S,,A,,
3146,ハロウィンモモ,前景,5,S,,,SS,,SS,A,,,S,
3147,ハロウィンペイント,タトゥー,5,A,,,A,SS,,SS,,,S,
3186,死の翼,前景,5,A,,SS,,SS,,A,,,A,小動物
3187,荊石の冠,カチューシャ,5,A,,S,,SS,,A,,,A,
3188,真実の目,フェイス,5,A,,SS,,SS,,S,,,A,
3189,逆鱗の角,ヴェール,5,A,,A,,SS,,SS,,,A,
3190,束縛の契約,手袋,5,S,,S,,A,,SS,,,S,
3191,霜寒の竜鱗,タトゥー,5,S,,A,,SS,,SS,,,A,
3192,石骨の妖,羽根,5,A,,SS,,S,,A,,,A,
3218,きつねさま,前景,5,A,,,SS,,SS,,A,,A,和風
3219,迷い猫と散歩,右手持ち,5,S,,,SS,,SS,,S,,B,和風
3220,創作の秋,左手持ち,5,S,,,SS,,A,,SS,,A,和風
3225,夢魔のヴェール,ヴェール,5,S,,A,,S,,SS,,A,,ゴシック
3226,原罪の薔薇,フェイス,5,S,,A,,SS,,SS,,A,,ゴシック
3227,禁忌の契約,ネックレス,5,A,,SS,,SS,,A,,A,,
3228,捕食の楽園,手袋,5,SS,,S,,SS,,A,,A,,
3229,ハンティングウィッチ,手袋,5,SS,,S,,S,,A,,A,,ゴシック
3294,魔女の帽子,ヘッドアクセ,5,A,,SS,,SS,,A,,,S,ゴシック
3295,血のチェーン,ネックレス,5,A,,SS,,A,,SS,,,A,
3296,ダイヤモンドワンド,右手持ち,5,S,,S,,SS,,S,,,A,
3297,魔女の手袋,手袋,5,SS,,SS,,A,,A,,,A,
3298,宝石のたまご,前景,5,SS,,S,,,A,,A,,A,ロリータ
3299,白薔薇の王冠,ヘッドアクセ,5,SS,,SS,,,A,,A,,S,
3300,新雪の言祝,手袋,5,S,,S,,,A,,SS,,A,
3301,羽ばたく君,しっぽ,5,SS,,SS,,,A,,S,,A,
3302,香る薔薇,前景,5,A,,SS,,SS,,A,,,S,
3303,夜の悲劇,床,5,SS,,SS,,B,,S,,,A,ゴシック
3304,輪廻への執念,吊り,5,SS,,A,,SS,,A,,,A,ゴシック
3309,ジンジャーパニック,ヘッドアクセ,5,A,,,S,,SS,,A,A,,
3310,三色キャンデースティック,左手持ち,5,A,,,SS,,SS,,A,A,,
3311,ジングルベル,耳飾り,5,A,,,SS,,B,,S,A,,
3312,ゴールドキャンドル,ヘッドアクセ,5,B,,,S,,SS,,A,A,,
3313,クリスマスベルのバッグ,ボディ,5,A,,,S,,SS,,A,A,,
3314,雪だるま,右手持ち,5,A,,,SS,,SS,,B,A,,小動物
3315,スノーマンバッグ,ボディ,5,A,,,A,,SS,,SS,A,,
3316,日向の密か事,ヘッドアクセ,5,SS,,SS,,S,,S,,A,,
3317,行く年,耳飾り,5,A,,SS,,SS,,A,,S,,
3318,翌年への望み,ネックレス,5,S,,SS,,S,,A,,S,,
3319,黄金扇子,右手持ち,5,A,,SS,,SS,,A,,A,,和風
3320,天照結び,ボディ,5,S,,A,,SS,,SS,,A,,和風
3321,太陽の訪れ,床,5,SS,,S,,A,,S,,A,,
3322,暖かき火鉢,後景,5,SS,,SS,,A,,S,,S,,
3323,日陰の密か事,カチューシャ,5,SS,,SS,,S,,,A,A,,
3324,寒月,ネックレス,5,SS,,SS,,S,,,A,A,,
3325,年忘れの鈴,右手持ち,5,S,,SS,,SS,,,A,A,,和風
3326,月詠結び,ボディ,5,S,,SS,,S,,,S,A,,和風
3327,月の訪れ,床,5,S,,SS,,S,,,S,A,,
3328,トライアングル,ヘッドアクセ,5,,SS,,SS,,S,,A,,S,
3329,うちゅう交信機,カチューシャ,5,A,,,SS,,SS,,A,,A,原宿系
3330,キミから貰ったモノ,耳飾り,5,S,,,SS,,SS,,S,,A,
3331,スターシャワー,右手飾り,5,A,,,SS,,SS,,S,,S,
3332,キミのホシ,右手持ち,5,A,,,SS,,S,,SS,,A,原宿系
3333,ポップキャンディー,左手持ち,5,A,,,S,,SS,,SS,,A,
3334,幸せを探しに,右手持ち,5,S,,SS,,,A,,A,,S,
3335,フラミンゴの耳飾り,耳飾り,5,,SS,S,,,A,,SS,,A,
3336,くちばしスカーフ,マフラー,5,A,,SS,,,SS,,A,,A,
3337,フラミンゴ,床,5,A,,SS,,,SS,,A,,S,小動物
3338,青いインコ,前景,5,A,,SS,,,S,,S,,A,小動物
3339,見つけた幸せ,後景,5,SS,,SS,,,S,,A,,A,
3371,宙返りアングル,ヘッドアクセ,5,S,,,SS,A,,S,,,S,スポーティ
3372,ストリートスタンダード,フェイス,5,,SS,,SS,S,,A,,,S,
3373,クールチョーカー,ネックレス,5,B,,,S,SS,,SS,,,S,
3374,ストリートボード,左手持ち,5,,SS,,SS,A,,A,,,A,スポーティ
3375,炎のリップ,タトゥー,5,,SS,,A,A,,SS,,,A,
3376,グラフィティガール,肌,5,,S,,S,A,,SS,,,S,
3377,スプレー缶,前景,5,A,,,SS,SS,,A,,,B,
3378,バックミュージック,ヘッドアクセ,5,A,,,SS,A,,SS,,,A,
3379,メッシュアーム,手袋,5,A,,,A,SS,,S,,,S,
3380,ペンタゴンショルダー,ボディ,5,B,,,SS,S,,S,,,S,
3381,クールな自我,タトゥー,5,S,,,B,SS,,SS,,,A,
3382,注目の的,フェイス,5,A,,,SS,,SS,A,,,A,
3383,唯一無二,耳飾り,5,,SS,,SS,S,,A,,,A,
3384,真夜中の悪夢,ネックレス,5,,S,,A,SS,,S,,,S,
3385,情熱の旋律,肌,5,A,,,A,SS,,SS,,,A,
3397,応援ハチマキ,ヘッドアクセ,5,S,,,SS,,SS,,A,,A,和風
3398,推しとの距離,ネックレス,5,,SS,,SS,,A,,S,,S,
3399,サイリウム,両手持ち,5,S,,,SS,,A,,SS,,A,
3400,気合十分,手袋,5,,SS,,S,,SS,,S,,B,
3401,サニのドラム,前景,5,SS,,,S,A,,A,,,A,ロック
3402,サングラスター,ヘッドアクセ,5,B,,,SS,A,,SS,,,S,
3403,メダマさん,ネックレス,5,A,,,A,SS,,SS,,,S,
3404,サニのスティック,両手持ち,5,,SS,,SS,S,,S,,,A,ロック
3405,思い付きの行動,ヘッドアクセ,5,SS,,SS,,S,,A,,,A,
3406,好きこそ上達,耳飾り,5,S,,SS,,SS,,A,,,A,ロック
3407,カリンのギター,ボディ,5,S,,SS,,A,,S,,,A,ロック
3408,チェーンチョーカー,マフラー,5,S,,A,,SS,,SS,,,A,ロック
3409,痺れる演奏,腰飾り,5,S,,SS,,A,,SS,,,A,ロック
3410,シューティングスター,後景,5,SS,,S,,S,,S,,,A,
3411,ドレミファリボン,ヘッドアクセ,5,S,,,SS,,A,,SS,,S,
3412,世界とボクの繋がり,耳飾り,5,A,,,SS,,S,SS,,,A,
3413,世界の境界線,フェイス,5,A,,,SS,,S,A,,,S,
3414,閉鎖空間,手袋,5,S,,,SS,,A,SS,,,A,
3415,新曲のアイデア,右手持ち,5,A,,,SS,,S,S,,,A,
3416,仮想現実,床,5,SS,,,SS,,A,A,,,A,ロック
3417,リノのキーボード,前景,5,SS,,,A,,S,SS,,,A,ロック
3418,夢を見たい,耳飾り,5,S,,,SS,,A,S,,,S,
3419,求めたメロディー,ヘッドアクセ,5,A,,SS,,SS,,S,,,A,ロック
3420,マリアのベース,ボディ,5,A,,SS,,SS,,A,,,S,
3421,ルビーのパフスリーブ,手袋,5,B,,SS,,SS,,S,,,A,
3422,生贄メモリー,マフラー,5,A,,SS,,S,,SS,,,A,
3423,小悪魔の羽,羽根,5,S,,SS,,S,,A,,,A,ゴシック
3424,デビルテイル,しっぽ,5,,SS,S,,A,,SS,,,A,ゴシック
3425,心地よいメロディー,ヘッドアクセ,5,S,,SS,,SS,,A,,,A,
3426,スーパーステージ,後景,5,SS,,SS,,A,,A,,,A,ロック
3427,スタードリーム,前景,5,SS,,,SS,,S,,A,,S,ロック
3428,メルのマイク,吊り,5,S,,,SS,,S,,SS,,A,ロック
3429,メルメルハット,ヘッドアクセ,5,S,,,SS,,SS,,A,,S,
3430,努力の証,ネックレス,5,S,,,SS,,A,,SS,,A,
3431,理想を掲げて,右手飾り,5,SS,,,S,,A,,SS,,A,
3432,天使に捧ぐ歌,羽根,5,SS,,,S,,S,,SS,,S,
3433,明るい歌声,床,5,A,,,SS,,SS,,S,,S,ロック
3434,純白のココロ,後景,5,A,,,SS,,S,,SS,,A,ロック
3435,ルビーのブレスレット,右手飾り,5,SS,,SS,,A,,A,,,A,
3436,ルビーのリストバンド,左手飾り,5,S,,A,,SS,,SS,,,S,
3437,世界一の君と奇跡,左手飾り,5,S,,,SS,,SS,,A,,S,
3441,氷の雫,ヘッドアクセ,4,S,,S,,A,,,S,,A,
3484,モモの特技,床,5,S,,,SS,,SS,,A,,A,小動物
3561,ブラウニー,両手持ち,5,S,,SS,,A,,S,,,A,
3562,チェリーの恋話,ヘッドアクセ,5,A,,A,,SS,,SS,,,A,
3563,以心伝心,耳飾り,5,S,,SS,,A,,S,,,S,
3564,クリスタルラブ,ネックレス,5,SS,,SS,,A,,S,,,S,
3565,サプライズの告白,手袋,5,A,,SS,,A,,S,,,A,
3566,レッドベルベット,後景,5,SS,,S,,S,,A,,,A,
