2,カルファの少女,メイク,5,S,,S,,S,,S,,,S,
3,リリスの美少女,メイク,5,A,,A,,,SS,,SS,,SS,
4,ノーザンの英姿,メイク,5,,S,S,,,B,,SS,,S,
5,雲上レディ,メイク,5,,B,B,,,S,,SS,,S,
11,アイスブルーの瞳,メイク,5,S,,S,,S,,S,,,B,
12,欲望の白鳥,メイク,6,S,,S,,S,,S,,A,,
13,無垢な白鳥,メイク,5,,S,S,,,A,,S,A,,
14,恋する微笑み,メイク,5,S,,SS,,S,,A,,A,,モダンチャイナ
15,永遠の口付けを,メイク,5,,A,SS,,,A,,S,,A,クラシックチャイナ
16,花畑・華,メイク,6,,S,SS,,SS,,,A,A,,
17,花畑・媛,メイク,6,S,,A,,SS,,SS,,S,,
18,蒼玉,メイク,5,,S,,S,A,,,A,A,,
20,洗練された妖精,メイク,5,,SS,SS,,A,,A,,A,,
21,にんじんの夢,メイク,5,S,,,S,,A,SS,,A,,メルヘン
22,彦星との約束,メイク,5,A,,SS,,A,,,SS,,A,クラシックチャイナ
23,死神の眼光,メイク,5,A,,S,,SS,,S,,,A,
24,無垢な天使,メイク,5,,SS,,A,,S,,S,,S,
25,夕月夜,メイク,4,A,,A,,,S,S,,A,,
28,ノクターン,メイク,5,A,,A,,SS,,SS,,,A,
29,柔らかな風,メイク,5,A,,SS,,SS,,,S,,A,
30,フェアリーテイル,メイク,4,A,,,A,,SS,,S,,A,
31,紅顔の美女,メイク,5,A,,S,,,SS,,SS,A,,
33,夢のような時,メイク,5,A,,SS,,S,,,SS,,A,
34,諦めの笑顔,メイク,5,A,,SS,,SS,,A,,,A,
35,復讐の涙,メイク,5,A,,A,,SS,,SS,,,A,
36,春の精霊,メイク,4,A,,B,,,S,,S,,A,
37,雪の瞳,メイク,5,S,,A,,SS,,SS,,,A,
38,オッドアイ,メイク,5,A,,,SS,,SS,,S,A,,
39,薔薇色の恋,メイク,4,A,,S,,,A,,S,,A,
41,沈む魂,メイク,5,S,,A,,SS,,SS,,,A,
42,魅惑の瞳,メイク,6,SS,,SS,,S,,A,,,S,
48,銀翼の瞳,メイク,5,S,,,SS,,SS,A,,,A,近未来
50,麗しき槿,メイク,5,A,,A,,A,,S,,C,,
51,嘘吐きピエロ,メイク,5,,A,,SS,,SS,,A,,A,
52,正直なピエロ,メイク,5,SS,,SS,,A,,A,,,A,
53,マイスイートハニー,メイク,4,,A,,S,,S,,A,,A,
54,ニルヴァーナ,メイク,5,SS,,SS,,A,,A,,,A,
55,サンサーラ,メイク,5,A,,A,,SS,,SS,,,A,
57,零れ落ちる涙,メイク,4,B,,S,,,SS,,S,A,,
59,冬の目覚め,メイク,5,A,,SS,,A,,,SS,A,,
60,眉をひそめて,メイク,5,,A,S,,SS,,S,,A,,
61,輝く瞳,メイク,5,A,,,SS,,SS,,A,,A,
62,美しき玉,メイク,5,S,,S,,A,,,SS,,A,
63,瓜実顔,メイク,5,A,,,S,,SS,,A,,A,
64,春の眠り,メイク,5,A,,SS,,A,,,SS,,S,
65,苦い笑み,メイク,5,A,,,SS,,SS,,S,A,,
66,呆れ笑い,メイク,5,A,,,S,,SS,,A,S,,
67,濃いめ化粧,メイク,5,A,,S,,SS,,SS,,A,,クラシックチャイナ
68,時の海,メイク,4,B,,,S,,SS,,A,,A,メルヘン
69,魂の占い,メイク,4,A,,S,,SS,,A,,,B,
70,魂と夢の蔓,メイク,5,A,,SS,,SS,,A,,,A,
71,ハートのキス,メイク,5,A,,,S,,SS,,A,A,,
72,悪夢の始まり,メイク,5,A,,S,,SS,,SS,,A,,
73,深遠の星,メイク,5,S,,SS,,SS,,A,,,A,
74,紫の鳶,メイク,5,A,,A,,SS,,SS,,,A,
75,星の影,メイク,5,A,,SS,,SS,,A,,,A,
76,想いゆらゆら,メイク,5,A,,SS,,SS,,,A,A,,
77,泡の中の願い,メイク,5,S,,,A,,SS,,SS,,A,
78,渡り鳥の夢,メイク,5,A,,SS,,SS,,A,,,S,
79,人魚の夢,メイク,5,S,,SS,,,A,,SS,,A,フォーマル
81,雷の信念,メイク,4,A,,S,,SS,,A,,A,,
82,秩序の瞳,メイク,5,S,,,A,SS,,SS,,,A,
83,小悪魔の秘密,メイク,4,,A,,SS,,S,A,,,B,
84,桃の花時,メイク,5,S,,SS,,S,,,S,,A,
85,恋の夢,メイク,5,A,,S,,,SS,,SS,,A,
86,女神の加護,メイク,5,A,,SS,,A,,,SS,S,,
88,レディアント,メイク,4,A,,,S,,SS,A,,,B,
89,桜姫,メイク,5,A,,A,,SS,,SS,,A,,
90,悔いなき栄光,メイク,6,SS,,A,,S,,SS,,A,,
91,恐れなき旅路,メイク,6,S,,S,,SS,,SS,,A,,
92,継承されし詩,メイク,6,SS,,A,,S,,SS,,A,,
94,漆黒の夜,メイク,5,A,,S,,SS,,SS,,,A,
95,目覚めの時,メイク,5,A,,SS,,,A,,SS,,S,メルヘン
96,ニキスマイル,メイク,5,A,,,S,,S,,A,,A,
97,聖夜の瞳,メイク,5,A,,,SS,,SS,,A,A,,メルヘン
99,コバルト色の憧れ,メイク,4,B,,,A,,S,,SS,,A,近未来
102,風と月の詩,メイク,5,A,,S,,S,,,SS,,A,
105,解語花,メイク,5,SS,,A,,A,,,SS,,A,
106,黄金の輪廻,メイク,5,SS,,,SS,A,,A,,A,,
107,狸姫,メイク,5,S,,,S,,SS,,A,,A,
108,紅の妖姫,メイク,5,A,,S,,SS,,S,,A,,
109,酔狂人,メイク,5,A,,S,,SS,,SS,,,S,
118,夢見る桜色,メイク,5,A,,S,,S,,,SS,,A,
119,愛しい猫の君,メイク,5,A,,SS,,SS,,A,,,A,
120,感謝の眼差し,メイク,5,A,,SS,,S,,S,,,A,
121,霧中の夢,メイク,5,A,,S,,A,,,SS,,S,
122,真心の夢,メイク,5,A,,SS,,A,,,SS,,A,
123,もちもちほっぺ,メイク,5,A,,,S,,SS,,S,,S,
124,アビスのアリア,メイク,5,A,,A,,SS,,SS,,,A,
126,決意の眼差し,メイク,5,A,,SS,,SS,,,A,,S,
127,長い片思い,メイク,5,S,,,A,,SS,,SS,,A,
130,明日への期待,メイク,5,A,,,A,,SS,,SS,,A,
133,唇の忘れ物,メイク,5,A,,S,,SS,,SS,,,A,
134,氷雪の心,メイク,5,A,,S,,SS,,,SS,,A,
135,悲哀の心,メイク,5,SS,,A,,A,,,SS,,A,メルヘン
136,虹の影,メイク,5,A,,,SS,,SS,,A,,S,
137,静寂の月,メイク,5,S,,SS,,A,,,SS,,A,
138,明るい眼,メイク,5,A,,SS,,A,,,SS,,A,
140,警官ドロシー,メイク,5,A,,,A,,SS,,SS,,A,
141,ヴィッカーズ,メイク,5,A,,SS,,S,,SS,,,A,
143,星降る街のシルエット,メイク,5,A,,,SS,,SS,,A,,A,
144,寒水の瞳,メイク,5,A,,,SS,,S,,SS,A,,
145,風の月,メイク,5,S,,S,,S,,,SS,,A,
146,甘えん坊さん,メイク,5,A,,,SS,,SS,,S,,A,
148,青春の嵐,メイク,5,,S,,SS,,A,A,,,A,
149,清らな水鏡,メイク,5,S,,SS,,S,,,A,,A,
150,夏空の心,メイク,5,A,,,SS,,S,,A,,A,
151,四無量心,メイク,5,A,,SS,,SS,,A,,S,,
152,波乱万丈,メイク,5,A,,,SS,,SS,A,,A,,
153,朧夜の夢-昼,メイク,5,A,,S,,,S,,S,,S,
154,朧夜の夢-夜,メイク,5,A,,SS,,SS,,A,,A,,
155,甘き白骨-昼,メイク,5,A,,SS,,A,,,SS,,A,
156,甘き白骨-夜,メイク,5,A,,A,,SS,,SS,,,S,
157,優雅なプリンセス,メイク,5,A,,A,,SS,,SS,,,A,
158,無敵のエース,メイク,5,A,,SS,,,S,,S,,A,
159,独立独歩,メイク,5,A,,S,,SS,,S,,,A,
160,心の色彩,メイク,5,S,,,S,,SS,,A,,S,
161,僕ではない誰か,メイク,5,A,,A,,S,,S,,S,,
162,空想と執筆,メイク,5,S,,,S,SS,,,SS,A,,
166,猫伯爵,メイク,5,A,,,SS,,SS,,A,S,,
167,天の川のこだま,メイク,5,A,,,SS,,S,,S,,A,
168,ミラクルボイス,メイク,5,S,,S,,S,,A,,,S,
169,炎の蝶々,メイク,5,A,,SS,,SS,,A,,A,,
171,影砕く氷塊,メイク,5,A,,SS,,SS,,A,,,A,
172,見事な君子,メイク,5,A,,S,,S,,SS,,A,,
177,罪悪の花,メイク,5,A,,SS,,S,,A,,S,,ゴシック
178,甘い悪魔,メイク,5,A,,A,,SS,,SS,,,A,ゴシック
180,天照,メイク,5,A,,SS,,SS,,A,,A,,
181,月詠,メイク,5,A,,SS,,S,,,S,A,,
182,白昼夢(メイク),メイク,5,A,,,A,,SS,,SS,A,,
184,ストリートパフォーマンス,メイク,5,,SS,,S,S,,S,,,A,
185,ストリートチャレンジ,メイク,5,,SS,,S,S,,S,,,A,
186,ストリートバトル,メイク,5,,SS,,SS,A,,A,,,S,
187,ストリートプレイ,メイク,5,,SS,,SS,A,,S,,,A,
188,伝説の歌手,メイク,5,A,,,SS,,A,SS,,,A,
189,伝説の歌い手,メイク,5,A,,,SS,,A,SS,,,A,
190,伝説の音楽,メイク,5,A,,,SS,,A,SS,,,A,
191,伝説のコンサート,メイク,5,A,,,SS,,S,S,,,S,
192,クールな瞳,メイク,5,A,,SS,,A,,SS,,,A,
193,魂の叫び声,メイク,5,S,,A,,SS,,S,,,S,
194,ロックなハート,メイク,5,A,,SS,,SS,,A,,,A,
195,未来への期待,メイク,5,S,,,SS,,SS,,S,,S,
197,過去の瞬間,メイク,5,A,,SS,,SS,,A,,,A,
198,過去の理由,メイク,5,S,,S,,SS,,S,,,A,
199,過去の約束,メイク,5,A,,SS,,A,,SS,,,A,
200,過去の結果,メイク,5,A,,S,,SS,,SS,,,A,
201,美女の言葉,メイク,5,S,,SS,,A,,S,,,A,
202,美女の笑顔,メイク,5,S,,SS,,SS,,A,,,A,
205,神の遣い,メイク,5,A,,,SS,,SS,,S,,S,
206,艶やかな少女,メイク,5,A,,SS,,A,,SS,,,A,
217,夜の瞳,メイク,5,A,,A,,SS,,SS,,A,,
218,少女の空想,メイク,5,S,,,A,,SS,,SS,,A,
219,寝起きうさぎ,メイク,5,A,,,SS,,SS,,A,,A,
221,純白の囁き,メイク,5,A,,SS,,SS,,A,,,A,
226,狡猾な瞳,メイク,5,A,,,S,,SS,S,,,A,
227,戸惑う思考,メイク,5,A,,,SS,,SS,A,,,A,
241,夜の優しさ,メイク,5,SS,,SS,,A,,A,,,A,
242,陽狐,メイク,5,S,,A,,S,,SS,,S,,
243,永遠の哀しみ,メイク,5,A,,S,,SS,,A,,,A,
248,キラキラスマイル,メイク,5,A,,,SS,,A,,SS,,A,
249,笑顔咲け,メイク,5,A,,,SS,,SS,,A,,A,
250,鏡音レン,メイク,5,A,,,SS,,A,,SS,,A,
251,鏡音リン,メイク,5,A,,,SS,,SS,,A,,A,
260,洋子,メイク,5,A,,SS,,A,,,SS,,A,
