1,自由ショートパンツ(青),ボトムス,2,,A,,B,,A,,A,,A,デニム
2,自由ショートパンツ(ピンク),ボトムス,2,,A,,A,,A,,A,,A,デニム
3,自由ショートパンツ(ベ),ボトムス,2,,B,,A,,A,,A,,A,デニム
4,プリーツミニスカート(茶),ボトムス,4,,S,,S,,A,,S,,A,英国風
5,プリーツミニスカート(青),ボトムス,4,,B,A,,,S,,S,,S,英国風
6,プリーツミニスカート(赤),ボトムス,4,,B,S,,,S,,S,,S,英国風
7,プリーツミニスカート(緑),ボトムス,4,,B,S,,,S,,S,,S,英国風
8,ハイウエストショートパンツ,ボトムス,3,,S,S,,C,,,S,,S,中性風
9,桜芯,ボトムス,3,A,,,S,,A,,B,,S,
10,雪芯,ボトムス,3,S,,,A,,A,,B,,S,
11,モモの吊りスカート(青),ボトムス,3,,S,,A,,A,,A,,A,小動物 デニム
12,モモの吊りスカート(茶),ボトムス,3,,A,,A,,S,,A,,A,小動物 デニム
13,モモの吊りスカート(黒),ボトムス,3,,A,,A,,S,,S,,A,小動物 デニム
14,モモの吊りスカート(白),ボトムス,3,,A,,A,,A,,S,,A,小動物 デニム
15,ピュリティ-スカート,ボトムス,3,A,,A,,,S,,S,A,,ロリータ
16,桜メルヘン-チュールスカート,ボトムス,3,A,,A,,,S,,S,A,,ロリータ
17,フリリー-ズボン,ボトムス,4,S,,,A,,S,,S,A,,ロリータ
18,蝉のスカート(桃),ボトムス,3,,A,A,,,A,,S,,A,ロリータ
19,蝉のスカート(黄),ボトムス,3,,A,A,,,S,,A,A,,ロリータ
21,ハニーナイト-スカート,ボトムス,4,S,,A,,,A,,S,A,,ロリータ
22,無邪気な吊りズボン,ボトムス,4,B,,,SS,,SS,,C,,S,
23,ディムグレーデニム,ボトムス,3,B,,,A,S,,,B,S,,デニム
24,7分丈デニムジーンズ,ボトムス,3,,S,B,,,A,,B,SS,,デニム
25,7分丈ベージュパンツ,ボトムス,3,,S,,B,,A,A,,S,,デニム
26,ハートのブーツカット(青),ボトムス,4,,S,,S,,S,,A,S,,UV対策
27,ハートのブーツカット(紫),ボトムス,4,,S,,S,,S,,A,S,,UV対策
28,ハートのブーツカット(白),ボトムス,4,,S,,S,,A,,S,A,,UV対策
30,パールレーススカート(紫),ボトムス,4,S,,,A,,A,S,,,S,
31,パールレーススカート(青),ボトムス,4,,S,,A,,A,,S,,S,
32,ロケット吊りズボン,ボトムス,4,S,,,S,,S,,A,,A,POP デニム
36,黒ショートパンツ,ボトムス,3,,S,,A,,B,,S,,B,中性風
37,片想い(青),ボトムス,2,,B,,S,,A,,B,,A,中性風 デニム
38,片想い(ピンク),ボトムス,2,,A,,S,,A,,B,,A,中性風 デニム
39,片想い(紫),ボトムス,2,,A,S,,,B,,A,,A,中性風 デニム
40,片想い(黒),ボトムス,2,,A,A,,,A,,A,,A,中性風 デニム
41,世界一周(青),ボトムス,3,,A,,S,,A,,S,A,,デニム UV対策
42,世界一周(黒),ボトムス,3,,A,,S,,B,,S,A,,デニム UV対策
43,世界一周(グレー),ボトムス,3,,A,,A,,A,,S,A,,デニム UV対策
44,世界一周(白),ボトムス,3,,S,,S,,A,,A,A,,デニム UV対策
45,縫製クラス(カーキ),ボトムス,1,,S,,B,C,,,A,,A,中性風 英国風
46,縫製クラス(茶),ボトムス,1,,B,,B,A,,,B,,B,中性風 英国風
47,縫製クラス(ミリタリー),ボトムス,1,,S,,B,A,,,A,,A,中性風 英国風
48,メインボーカル,ボトムス,2,,S,A,,A,,B,,A,,中性風 UV対策
49,クラシックジーンズ,ボトムス,2,,S,,S,B,,,C,A,,中性風 デニム
50,デニムステッチ,ボトムス,2,,A,C,,A,,,S,A,,中性風 デニム
51,フレンチプレス,ボトムス,3,,S,B,,S,,,S,S,,中性風 UV対策
52,シリアル,ボトムス,3,,S,,B,A,,,A,S,,中性風 UV対策
53,夏のアイスドリンク,ボトムス,3,,A,,B,,A,,S,S,,中性風 UV対策
54,バラ色の青春,ボトムス,3,,S,B,,,A,,S,S,,中性風 UV対策
55,運動会(青),ボトムス,3,,S,,A,,A,,S,,A,中性風
56,運動会(赤),ボトムス,3,,A,,A,,A,,S,,A,中性風
57,運動会(茶),ボトムス,3,,A,B,,,S,,A,,S,中性風
58,運動会(紺),ボトムス,3,,A,,S,,A,,S,,A,中性風
59,くまのショートパンツ,ボトムス,5,A,,,S,,S,,S,,S,中世ヨーロッパ風 小動物
61,華やかローズ,ボトムス,5,S,,,S,,S,,S,,S,ロリータ
62,古典主義,ボトムス,4,S,,,C,,S,,S,,S,中世ヨーロッパ風
63,公爵令嬢-下,ボトムス,5,S,,S,,,A,,SS,,B,中世ヨーロッパ風
64,マーメイドドレス,ボトムス,5,S,,S,,A,,S,,A,,フォーマル
65,ユリの花びら,ボトムス,4,SS,,,B,,B,S,,,S,女神
66,プリントミニスカート(柄),ボトムス,3,,A,S,,,S,,S,C,,
67,プリントミニスカート(紺),ボトムス,3,,S,B,,,S,,A,,S,小花柄
68,プリントミニスカート・モモ,ボトムス,3,,A,,A,,A,,S,,C,小花柄
69,プリントミニスカートダック,ボトムス,3,,S,,S,,A,,A,,B,小花柄 小動物
70,ピーチ・キュロット,ボトムス,3,,A,,S,,A,,S,,A,スポーティ ネイビー
71,ストロベリー・キュロット,ボトムス,3,,A,,A,,S,,A,,A,スポーティ 小花柄
72,ローズ・キュロット,ボトムス,3,,A,,B,,S,,A,,S,スポーティ
73,メルヘン-キュロット,ボトムス,3,,S,,B,,A,,A,,S,スポーティ
74,白粉,ボトムス,3,,S,A,,,S,,S,,B,小花柄
75,大理石の枝,ボトムス,3,,S,S,,,S,,S,,C,小花柄
76,歴史の落書き,ボトムス,3,,SS,S,,,B,,SS,,C,小花柄
77,寒梅,ボトムス,3,,S,A,,,A,,S,,C,小花柄
78,フリルショートパンツ(灰),ボトムス,2,,A,A,,,B,,A,,B,
79,フリルショートパンツ(緑),ボトムス,2,,S,,C,,S,,A,,A,
80,フリルショートパンツ(桃),ボトムス,2,,A,C,,,A,,S,,A,
81,フリルショートパンツ(赤),ボトムス,2,,S,B,,,A,,A,,A,
85,黒Aラインスカート,ボトムス,3,,A,S,,A,,A,,,A,OL
86,ドレッドノート,ボトムス,3,,S,,S,S,,A,,,S,ワル デニム
87,R-ドレッドノート,ボトムス,4,A,,,S,S,,A,,,A,ワル デニム
88,鍵盤,ボトムス,3,,S,A,,S,,A,,A,,
89,追憶,ボトムス,3,S,,A,,A,,S,,A,,
90,宝石のかけら,ボトムス,3,A,,,S,,A,,A,,A,森ガール
91,パンダのズボン,ボトムス,3,,A,,A,,S,,A,A,,ナイトウェア
92,ハートのズボン,ボトムス,3,,S,,A,,A,,S,A,,ナイトウェア
93,セクシーギャルショーパン,ボトムス,3,A,,,S,A,,A,,,A,ロック デニム
94,夜の仮面,ボトムス,4,S,,S,,,B,S,,S,,ゴシック ロリータ
95,かくれんぼ,ボトムス,4,,S,,S,,S,,A,,A,小動物
96,SR-胡蝶蘭,ボトムス,5,A,,S,,,S,SS,,,S,クラシックチャイナ ダンサー
97,SR-蝶と蘭,ボトムス,5,S,,S,,,A,S,,,S,クラシックチャイナ ダンサー
98,美しき華の袴,ボトムス,4,,B,S,,,A,,SS,S,,クラシックチャイナ
99,胡蝶蘭,ボトムス,3,S,,,A,,A,A,,,S,クラシックチャイナ
100,R-胡蝶蘭,ボトムス,4,S,,S,,,A,A,,,S,クラシックチャイナ ダンサー
103,赤エプロン,ボトムス,3,,A,,S,,S,,A,,S,ロリータ
104,R-赤エプロン,ボトムス,4,SS,,,S,,S,,S,,C,ロリータ
105,SR-赤エプロン,ボトムス,5,S,,,S,,S,,S,S,,ロリータ
106,セーラー服スカート,ボトムス,2,,B,B,,,S,,A,,A,学生風 ネイビー
107,清波-下,ボトムス,3,,A,B,,,S,A,,,A,水着 モダンチャイナ
108,リングリング-下,ボトムス,4,,S,B,,S,,S,,,S,水着
109,ベルベットボート,ボトムス,3,B,,,SS,,SS,A,,,B,
110,グレーのニットスカート,ボトムス,3,,A,,A,,C,,S,A,,冬服 森ガール
111,ハイウエストレザーパンツ,ボトムス,3,,A,A,,A,,S,,A,,冬服 ロック
112,美術教師(グレー),ボトムス,4,,A,A,,S,,,A,S,,冬服
113,フェルトのショートパンツ,ボトムス,3,,S,,A,,S,,S,,B,
114,スポーツ用パンツ,ボトムス,1,,A,,A,,A,,B,A,,
115,美酒(ボトムス),ボトムス,1,,A,,B,,B,,A,A,,スポーティ
116,マーメイドスカート,ボトムス,3,,S,,B,,B,,S,,S,
117,美術教師(紫),ボトムス,3,,S,S,,S,,,B,A,,
118,波柄ショートパンツ,ボトムス,3,,S,A,,S,,,C,,A,
134,渓流(ボトムス),ボトムス,3,,A,,S,,A,,S,,B,
135,スイートサンド,ボトムス,3,,A,,S,,S,,A,,A,中世ヨーロッパ風
136,スイートサンド(青),ボトムス,3,,S,,S,,A,,S,,A,中世ヨーロッパ風
137,スイートサンド(グレー),ボトムス,3,,A,,A,,A,,A,,S,中世ヨーロッパ風
138,スイートサンド(黄),ボトムス,3,,A,,A,,S,,A,,A,中世ヨーロッパ風
139,サマーバケーション(青),ボトムス,3,,A,,S,,A,,A,,A,森ガール
140,サマーバケーション(白),ボトムス,3,,S,,S,,S,,A,,A,森ガール
141,ヒナギク,ボトムス,3,,S,,B,,S,,S,,B,森ガール
142,シンプルイズベスト,ボトムス,2,,A,,A,,B,,A,,S,森ガール
143,可憐な召使い-ズボン,ボトムス,3,,S,S,,S,,,C,S,,中性風 UV対策
144,優雅な召使い-ズボン,ボトムス,3,,A,A,,B,,,S,A,,中性風 UV対策
145,風流な召使い-ズボン,ボトムス,3,,S,S,,A,,,B,A,,中性風 UV対策
146,従順な召使い-ズボン,ボトムス,3,,A,A,,A,,,A,A,,中性風 UV対策
147,デリバリーピザ-スカート,ボトムス,3,,S,,A,,A,,A,,A,
148,聖なる女医-スカート,ボトムス,3,,S,S,,S,,A,,,A,OL
149,アリスの奇遇,ボトムス,4,S,,,S,,A,,S,,A,メルヘン
150,あざらしセーラー,ボトムス,4,,B,,A,,SS,,S,,S,小動物 ネイビー
151,敬虔なる花-スカート,ボトムス,4,A,,,A,,S,,A,,S,お嬢様
152,花咲く頃ズボン,ボトムス,4,S,,,A,,S,,S,,A,森ガール 中世ヨーロッパ風
153,花畑の香り,ボトムス,5,S,,,S,,S,,A,,A,ロリータ
156,草原,ボトムス,3,,A,,A,,A,,S,A,,スポーティ
157,ロックシンガー,ボトムス,3,,A,,A,A,,A,,,S,ロック デニム
161,いちごタルト,ボトムス,3,,A,,S,,S,A,,,B,
162,バナナパイ,ボトムス,1,,B,,B,A,,,A,,A,OL
165,スーツのスラックス,ボトムス,1,,A,A,,A,,,C,A,,中性風
167,黒のレザーパンツ,ボトムス,1,,A,A,,A,,,C,A,,
169,優雅なタイル,ボトムス,4,,S,,S,A,,,A,,S,
170,ドラゴンフルーツ,ボトムス,3,,A,,S,A,,,A,A,,英国風
173,デニムショートパンツ,ボトムス,1,,A,,A,C,,,A,,A,中性風
174,濃紫の長ズボン,ボトムス,2,,S,,B,S,,,B,S,,中性風
178,二輪の蓮,ボトムス,4,,SS,S,,A,,,S,B,,
179,クリームスカート,ボトムス,3,,B,,B,,S,,S,,S,
181,夏のショートパンツ,ボトムス,1,,B,,A,B,,,A,,A,中性風
185,ビーチのストール,ボトムス,3,,A,A,,A,,A,,,A,水着
195,柔らかな牙,ボトムス,3,,B,,B,S,,S,,,S,POP デニム
199,テレビ,ボトムス,1,,B,B,,B,,,S,A,,デニム 中性風
200,洗濯機,ボトムス,1,,A,B,,B,,,A,B,,デニム 中性風
204,クールサマー(青),ボトムス,3,,S,S,,S,,,B,,S,デニム
205,クールサマー(白),ボトムス,3,,S,A,,A,,A,,,A,デニム
206,キュロットセット,ボトムス,3,,A,A,,A,,,A,SS,,
208,黒キュロット,ボトムス,3,,S,,B,,A,,A,S,,OL
209,青ミニスカート,ボトムス,1,,B,,A,,B,,B,,A,デニム
210,はじける夏,ボトムス,3,,S,,B,B,,B,,,SS,
211,星あかり,ボトムス,3,,S,,B,B,,B,,,SS,
212,白ホットパンツ,ボトムス,3,,S,,S,B,,,B,,S,
213,部屋着ショートパンツ(黒),ボトムス,3,,S,,A,,A,A,,,A,ナイトウェア
214,部屋着ショートパンツ(灰),ボトムス,3,,S,,A,A,,S,,,A,ナイトウェア
219,ハンバーガー,ボトムス,3,,A,,A,,S,,A,,A,
220,OLミニスカート(220),ボトムス,3,,A,A,,A,,S,,,A,OL
221,ライチシャーベット,ボトムス,1,,A,,A,,A,,B,,C,小花柄
222,イカ,ボトムス,3,,S,A,,A,,A,,,S,
223,似顔,ボトムス,1,,A,,B,,B,,A,B,,
224,ロールアップガール,ボトムス,1,,A,,A,,A,,A,B,,
227,ライラック,ボトムス,1,,S,B,,C,,,A,A,,UV対策
228,ハイウエストミニスカ(黒),ボトムス,2,,A,A,,A,,B,,,A,OL
229,ハイウエストミニスカ(赤),ボトムス,2,,S,S,,A,,A,,,B,OL
230,ジャスミン,ボトムス,3,A,,,A,,S,,A,,A,
231,ミニプリーツスカート,ボトムス,2,,A,,B,,A,,A,,A,
232,レトロな青い宝石,ボトムス,3,,S,,A,,S,,A,,B,
233,レトロなピンクの宝石,ボトムス,3,,A,,A,,S,,A,,S,
236,薔薇のミニスカート,ボトムス,3,,B,,B,,S,,S,,S,
238,黒レーススカート,ボトムス,3,,S,S,,A,,A,,,S,UV対策
240,ハイウエスト紺スカート,ボトムス,4,,S,,S,,S,,A,,S,学生風
241,ノーマルオーバーオール,ボトムス,3,,S,B,,S,,,B,,S,中性風
242,ポーカーガール,ボトムス,3,,S,,S,,B,,A,,A,
243,サスペンダー付パンツ,ボトムス,2,,A,A,,A,,,A,,A,中性風
244,ガーリーサロペット,ボトムス,2,,S,,B,,B,,B,,S,中性風
246,アシスタント-スカート,ボトムス,3,,A,S,,A,,,A,,A,OL
247,Sランクスパイ-ズボン,ボトムス,4,A,,,S,S,,S,,,S,ワル ロック
259,舞姫のレーススカート,ボトムス,4,S,,B,,S,,S,,,B,ダンサー インド風
260,ピンクストーム-下,ボトムス,3,A,,,A,,A,,S,,A,水着
261,マーベルスカート(紫),ボトムス,4,,,,,,,,,,,
262,マーベルスカート(黄),ボトムス,4,,,,,,,,,,,
263,マーベルスカート(黒),ボトムス,4,,,,,,,,,,,
264,マーベルスカート,ボトムス,5,S,,A,,,A,,S,,A,
265,黒猫-下,ボトムス,2,,B,B,,A,,A,,,A,水着
266,雲柄レーススカート(緑),ボトムス,2,,B,B,,B,,,S,S,,
268,雲柄レーススカート(紺),ボトムス,3,,B,S,,S,,,B,S,,
274,棘のある美人,ボトムス,4,,S,A,,S,,A,,,A,
276,メッシュショートパンツ,ボトムス,3,,A,,C,S,,S,,,A,ロック
277,クラッシュデニムショート,ボトムス,3,,S,,S,B,,B,,,S,
278,薔薇の夢(紫),ボトムス,3,,B,,B,,S,B,,,S,
279,薔薇の夢(ピンク),ボトムス,3,,B,,S,,S,B,,,S,
280,薔薇の夢(青)(ボトムス),ボトムス,3,,A,,A,,A,B,,,SS,
281,薔薇の夢(黒),ボトムス,3,,C,,A,S,,S,,,S,
282,サロペットスカート(青),ボトムス,2,,A,A,,A,,,A,C,,
283,サロペットスカート(黒),ボトムス,2,,S,A,,S,,,B,B,,
284,サロペットスカート(赤),ボトムス,2,,A,S,,S,,,C,C,,
285,オフィスミニスカート(青),ボトムス,3,,B,S,,S,,B,,,S,
286,オフィスミニスカート(黒),ボトムス,3,,C,S,,S,,S,,,S,
287,オフィスミニスカート(黄),ボトムス,3,,A,A,,A,,B,,,SS,
288,檀枝(赤),ボトムス,2,,C,S,,,S,,S,,A,
289,檀枝(緑),ボトムス,2,,B,S,,,B,,S,,S,
293,ノーマルロングスカート,ボトムス,2,,S,A,,C,,,A,,A,
296,追憶(金),ボトムス,3,B,,S,,S,,S,,,S,
297,追憶(茶),ボトムス,3,S,,A,,S,,A,,,A,
298,追憶(銀),ボトムス,3,B,,B,,S,,S,,,S,
315,月光の海(白),ボトムス,4,,S,,A,,A,,S,,A,ナイトウェア
316,月光の海(ミント),ボトムス,4,,A,,A,,S,,S,,A,ナイトウェア
317,月光の海(紫),ボトムス,4,,A,,A,,S,S,,,A,ナイトウェア
318,全面発展,ボトムス,3,,S,,S,,S,,B,C,,スポーティ
319,秘書-ズボン,ボトムス,3,,SS,,A,B,,,S,,B,英国風
320,制服ミニスカート(緑),ボトムス,4,A,,SS,,,A,,S,,B,英国風
321,制服ミニスカート(赤),ボトムス,4,A,,A,,,S,,S,,A,英国風
326,スマートスパイス,ボトムス,3,,A,,S,,S,,B,,B,エスニック
327,くくり袴,ボトムス,3,,S,,S,B,,,A,,B,クラシックチャイナ ワル
328,宵玉-スカート,ボトムス,4,,A,S,,,SS,,A,,B,クラシックチャイナ
329,青磁-スカート,ボトムス,4,,A,S,,,S,,A,,A,モダンチャイナ
330,茶摘み歌-スカート,ボトムス,3,,S,S,,,A,,B,,B,モダンチャイナ
331,シースルー水彩パンツ(青),ボトムス,5,,A,,SS,,A,,SS,,A,モダンチャイナ
332,シースルー水彩パンツ(黒),ボトムス,5,,S,,SS,SS,,A,,,A,モダンチャイナ
333,ノーザンの勇姿-ズボン,ボトムス,4,,A,,S,A,,SS,,,B,ミリタリー
334,ストライプの紳士・ズボン,ボトムス,4,,SS,A,,S,,,A,A,,中性風
335,SR-タロット-下,ボトムス,5,SS,,,S,,A,S,,,A,エスニック
336,R-怪盗ボトムス,ボトムス,5,,S,SS,,A,,,S,A,,中性風
337,蓮花-スカート,ボトムス,4,A,,SS,,,B,,SS,A,,クラシックチャイナ レトロチャイナ
338,夢見がちな少女,ボトムス,4,A,,,B,,SS,,SS,,A,メルヘン
339,ストライプ吊りスカート,ボトムス,3,,A,S,,SS,,,A,,A,
341,タロット-下,ボトムス,3,A,,,S,,A,S,,,B,エスニック
342,R-タロット-下,ボトムス,4,S,,,B,,A,SS,,,S,エスニック
344,怪盗ボトムス,ボトムス,4,,SS,SS,,A,,,B,B,,中性風
346,純白ジーンズ,ボトムス,3,,S,S,,A,,,A,,B,
347,原色ジーンズ,ボトムス,3,,S,S,,A,,,B,,A,
348,せせらぎの鯉-スカート,ボトムス,4,A,,SS,,,A,,S,,A,モダンチャイナ
349,夜の使徒,ボトムス,4,A,,S,,SS,,B,,B,,
350,幻眠,ボトムス,5,S,,,S,,SS,SS,,A,,
351,幻眠(青),ボトムス,5,S,,,A,,SS,,SS,S,,
352,幻眠(緋),ボトムス,5,A,,,S,,SS,,SS,S,,
353,ミリタリーパンツ(カーキ),ボトムス,4,S,,B,,S,,S,,A,,ミリタリー
354,ミリタリーパンツ(白),ボトムス,4,A,,A,,S,,S,,A,,ミリタリー
355,SR-ファッションアイコン,ボトムス,4,A,,S,,A,,S,,A,,原宿系
356,R-ファッションアイコン,ボトムス,3,B,,,S,,S,,A,B,,原宿系
357,ファッションアイコン,ボトムス,2,,B,,S,,S,,B,B,,
358,SR-霧の竹林,ボトムス,4,S,,S,,,B,,A,A,,
359,R-霧の竹林,ボトムス,3,A,,,S,,S,,B,A,,
360,霧の竹林,ボトムス,2,,B,,S,,S,,B,,B,
361,マーメイドスカート(白),ボトムス,3,B,,S,,S,,,A,B,,
362,マーメイドスカート(黒),ボトムス,3,A,,S,,A,,S,,B,,
363,ストライプズボン(青),ボトムス,3,,A,S,,S,,,A,A,,
364,お嬢様スカート,ボトムス,3,B,,,S,,S,,A,A,,
366,マジシャン-下,ボトムス,5,A,,A,,S,,SS,,,B,
367,水玉ビキニ‐下,ボトムス,4,A,,,A,,S,SS,,,A,水着
368,静かな夜色-下,ボトムス,4,,A,A,,SS,,SS,,,A,水着
369,スイートチェック-下,ボトムス,4,B,,,S,,SS,,A,,A,水着
371,夜の歌,ボトムス,4,B,,A,,S,,SS,,,A,
372,夢の奇跡,ボトムス,4,A,,,S,,SS,,B,,A,
373,R-夢の奇跡,ボトムス,5,SS,,,SS,,A,,S,A,,
374,夢の奇跡(紫),ボトムス,5,S,,,A,,S,,SS,A,,
375,ピンクのレースドレス-下,ボトムス,5,A,,SS,,,A,,SS,,A,メルヘン
376,青墨華-スカート,ボトムス,4,B,,,A,,SS,,S,A,,モダンチャイナ
377,菱形柄ミニスカート,ボトムス,3,,S,,B,,A,,S,A,,
378,菱形柄スカート,ボトムス,4,A,,SS,,A,,,S,A,,
379,青晶ロングスカート,ボトムス,5,SS,,SS,,A,,,S,A,,
380,絵師,ボトムス,3,,A,S,,,S,,B,B,,
381,絵師(青),ボトムス,3,,B,S,,S,,,A,A,,
382,絵師(赤),ボトムス,3,,B,,S,,S,,B,A,,
383,トリコロールスカート,ボトムス,4,A,,,SS,,A,SS,,,A,
385,迎春の衣-袴,ボトムス,4,SS,,SS,,A,,A,,B,,モダンチャイナ
390,ウールミニスカート,ボトムス,3,,A,,S,,S,,A,B,,
396,OLミニスカート(396),ボトムス,3,,A,A,,S,,S,,,A,
397,薄絹ミニスカート,ボトムス,3,,A,,S,,S,,A,,B,
398,薄絹ミニスカート(桃),ボトムス,3,,A,,B,,S,,S,,B,
399,優しき鉄血,ボトムス,3,,S,S,,B,,A,,,A,ミリタリー
400,R-優しき鉄血,ボトムス,4,A,,S,,SS,,A,,A,,ミリタリー
401,SR-優しき鉄血,ボトムス,5,SS,,A,,S,,S,,A,,ミリタリー
402,機械の心-下,ボトムス,5,S,,,SS,,SS,A,,,B,近未来
403,スケボーショーパン,ボトムス,4,A,,,S,,S,,A,,A,原宿系
404,優しき鉄血(臙脂),ボトムス,5,A,,SS,,SS,,A,,A,,ミリタリー
405,優しき鉄血(純白),ボトムス,5,A,,A,,S,,SS,,A,,ミリタリー
408,サーカス団の冒険-下,ボトムス,5,SS,,,SS,,A,,A,,A,
409,月の呪文-下,ボトムス,4,B,,,A,S,,S,,,A,ロック
410,ボトムス410　(仮),ボトムス,4,B,,,A,S,,S,,,A,ロック
412,ボトムス412　(仮),ボトムス,3,,S,S,,B,,A,,,B,
421,落月の菖蒲-下,ボトムス,5,A,,S,,A,,,SS,,A,クラシックチャイナ
422,雲霧の菖蒲-下,ボトムス,5,A,,S,,S,,,A,,A,クラシックチャイナ
423,雲錦の菖蒲-下,ボトムス,5,B,,A,,,S,,SS,,A,クラシックチャイナ
424,鷹鳴,ボトムス,2,,S,B,,B,,S,,,B,エスニック
425,R-鷹鳴,ボトムス,3,B,,B,,S,,S,,,A,エスニック
426,SR-鷹鳴,ボトムス,4,S,,A,,A,,SS,,,A,エスニック
427,紅の終舞,ボトムス,5,SS,,SS,,A,,A,,,A,ゴシック
431,霊魂の残響,ボトムス,5,S,,SS,,S,,A,,S,,メディカル
435,魅入られた人魚,ボトムス,5,SS,,A,,S,,,SS,,S,女神 フォーマル
437,パストラルホリデー-下,ボトムス,4,B,,A,,S,,S,,,SS,水着
442,セーラー服・スカート(青),ボトムス,3,,S,,A,,B,,S,,B,ネイビー
443,バグパイプキルト,ボトムス,5,S,,,SS,,A,,S,,S,メルヘン
447,兎の子-ボトムス,ボトムス,4,S,,SS,,,A,,B,A,,メルヘン
448,ネット制服スカート,ボトムス,3,,S,S,,C,,,S,S,,学生風 モダンチャイナ
453,自由落下,ボトムス,3,B,,S,,S,,,B,A,,
456,幻の青空,ボトムス,5,SS,,A,,SS,,A,,,B,女神
467,聖夜のトナカイ,ボトムス,4,A,,,A,,SS,,SS,A,,
468,風に乗る者(下),ボトムス,5,A,,SS,,SS,,A,,,A,エスニック
469,星雲の秘境(下),ボトムス,5,S,,SS,,A,,,S,,A,エスニック
485,交差する視線,ボトムス,4,A,,,A,,SS,,S,,A,
486,蝶々のレースパンツ,ボトムス,4,S,,,S,,A,A,,,A,
488,ブルーシーの星,ボトムス,5,A,,,SS,,SS,,B,,A,近未来
489,飼われ猫,ボトムス,5,A,,A,,SS,,SS,,,A,
500,白黒マシュマロ,ボトムス,3,,S,,B,,S,,A,,A,
502,過去回想,ボトムス,5,A,,SS,,SS,,,A,,S,学生風
503,未来への希望,ボトムス,5,S,,,SS,,S,,A,,A,学生風
504,空の印象,ボトムス,5,,S,,S,,S,,S,,S,学生風
505,伝わる想い,ボトムス,5,A,,,S,,SS,,SS,,A,学生風
518,悪戯と指令,ボトムス,5,S,,SS,,SS,,A,,,A,
528,ブルースの潮流,ボトムス,5,,A,,SS,A,,S,,,A,デニム
542,久し振りの学ラン下,ボトムス,5,S,,SS,,SS,,A,,S,,和風
